cellTime,cell,time,none,global,local,blot,cross,z,x,y,size,gweight
AB:1,AB,1,11214,-13786,2968,2968,11214,30.0,450,244,80,1128074
AB:2,AB,2,12802,-12198,4236,4236,12802,30.0,450,240,80,1187835
AB:3,AB,3,13342,-11658,1620,1620,13342,30.4,440,228,38,24998
AB:4,AB,4,10005,-14995,1427,1427,10005,33.1,452,244,48,40421
ABa:5,ABa,5,9482,-15518,1496,1496,9482,31.6,472,234,34,39264
ABa:6,ABa,6,9622,-15378,1764,1764,9622,29.2,485,261,34,27485
ABa:7,ABa,7,10111,-14889,-27,-27,10111,31.3,483,254,44,77052
ABa:8,ABa,8,8117,-16883,-3005,-3005,8117,35.7,496,252,60,279898
ABa:9,ABa,9,7976,-17024,1399,1399,7976,34.6,510,248,61,417573
ABa:10,ABa,10,9468,-15532,2295,2295,9468,32.8,532,232,62,587654
ABa:11,ABa,11,10170,-14830,2027,2027,10170,30.4,542,230,64,698716
ABa:12,ABa,12,11793,-13207,2925,2925,11793,28.5,528,251,67,887352
ABa:13,ABa,13,12890,-12110,3826,3826,12890,30.5,537,261,70,1154182
ABa:14,ABa,14,13267,-11733,3264,3264,13267,31.0,528,268,66,183377
ABa:15,ABa,15,10543,-14457,1841,1841,10543,31.2,520,276,53,159242
ABal:16,ABal,16,9671,-15329,870,870,9671,25.3,535,253,37,61321
ABal:17,ABal,17,9048,-15952,866,866,9048,30.3,551,234,43,95013
ABal:18,ABal,18,8409,-16591,-1056,-1056,8409,32.3,546,224,54,191426
ABal:19,ABal,19,7978,-17022,1205,1205,7978,32.0,558,214,54,368747
ABal:20,ABal,20,9716,-15284,377,377,9716,26.9,574,187,57,573589
ABal:21,ABal,21,10588,-14412,-3844,-3844,10588,23.4,588,189,58,757919
ABal:22,ABal,22,10453,-14547,-2885,-2885,10453,22.8,588,200,57,738231
ABal:23,ABal,23,9667,-15333,-334,-334,9667,25.2,582,194,58,785735
ABal:24,ABal,24,10553,-14447,-273,-273,10553,25.6,585,196,59,802427
ABal:25,ABal,25,12213,-12787,-284,-284,12213,25.6,584,190,61,895854
ABal:26,ABal,26,10600,-14400,1418,1418,10600,29.0,582,204,58,232710
ABal:27,ABal,27,10122,-14878,1958,1958,10122,30.4,572,223,51,271273
ABala:28,ABala,28,8209,-16791,-409,-409,8209,24.5,582,240,42,116607
ABala:29,ABala,29,7823,-17177,-1632,-1632,7823,30.0,601,248,46,140868
ABala:30,ABala,30,7800,-17200,-3543,-3543,7800,32.0,590,262,47,202516
ABala:31,ABala,31,6671,-18329,-2270,-2270,6671,33.7,611,250,48,328680
ABala:32,ABala,32,6768,-18232,-3193,-3193,6768,34.1,617,236,52,512254
ABala:33,ABala,33,4660,-20340,-2050,-2050,4660,41.7,611,246,54,403034
ABala:34,ABala,34,5280,-19720,-2510,-2510,5280,39.3,613,256,55,396807
ABala:35,ABala,35,5951,-19049,-1895,-1895,5951,38.1,619,265,57,486199
ABala:36,ABala,36,5800,-19200,-2770,-2770,5800,38.4,614,272,57,505191
ABala:37,ABala,37,5641,-19359,-2590,-2590,5641,38.8,611,273,55,447586
ABala:38,ABala,38,6953,-18047,-1625,-1625,6953,39.1,609,274,56,454139
ABala:39,ABala,39,4426,-20574,-381,-381,4426,41.3,602,282,43,129234
ABala:40,ABala,40,5662,-19338,-1483,-1483,5662,37.4,586,286,42,129234
ABalaa:41,ABalaa,41,3234,-21766,-2344,-2344,3234,42.0,617,268,35,67964
ABalaa:42,ABalaa,42,4828,-20172,-5403,-5419,4828,42.0,622,260,43,105068
ABalaa:43,ABalaa,43,4849,-20151,-5646,-5645,4849,42.9,622,257,43,167705
ABalaa:44,ABalaa,44,5354,-19646,-3808,-3808,5354,43.2,625,247,44,214756
ABalaa:45,ABalaa,45,4661,-20339,-2744,-2744,4661,44.3,624,244,47,258553
ABalaa:46,ABalaa,46,4906,-20094,-3256,-3256,4906,43.8,621,244,47,294547
ABalaa:47,ABalaa,47,4366,-20634,-3572,-3572,4366,45.0,616,240,46,291234
ABalaa:48,ABalaa,48,4493,-20507,-4393,-4393,4493,45.0,614,234,47,322045
ABalaa:49,ABalaa,49,4958,-20042,-3755,-3755,4958,43.0,622,248,48,387695
ABalaa:50,ABalaa,50,5805,-19195,-6334,-6334,5805,40.1,623,244,50,475544
ABalaa:51,ABalaa,51,5968,-19032,-6787,-6787,5968,40.0,616,248,48,470194
ABalaa:52,ABalaa,52,5701,-19299,-6902,-6902,5701,41.3,619,239,50,513354
ABalaa:53,ABalaa,53,4557,-20443,-4916,-4916,4557,43.0,622,242,49,493206
ABalaa:54,ABalaa,54,5817,-19183,-4092,-4092,5817,42.0,624,246,50,624432
ABalaa:55,ABalaa,55,5408,-19592,-7319,-7313,5408,41.8,616,248,53,717884
ABalaa:56,ABalaa,56,5609,-19391,-6848,-6848,5609,42.9,612,252,53,741802
ABalaa:57,ABalaa,57,5710,-19290,-7474,-7474,5710,42.0,613,252,55,546403
ABalaa:58,ABalaa,58,5530,-19470,-6096,-6096,5530,40.2,619,261,45,444300
ABalaaa:59,ABalaaa,59,4789,-20211,-3103,-3103,4789,42.1,629,248,30,164424
ABalaaa:60,ABalaaa,60,6003,-18997,-8078,-8078,6003,40.1,620,233,39,265604
ABalaap:59,ABalaap,59,3478,-21522,-2710,-2710,3478,45.1,590,214,30,120265
ABalaap:60,ABalaap,60,6045,-18955,-5817,-5817,6045,47.1,571,212,39,190163
ABalap:41,ABalap,41,4933,-20067,-1317,-1317,4933,33.5,588,308,41,62474
ABalap:42,ABalap,42,5603,-19397,-4368,-4365,5603,34.0,586,300,43,107572
ABalap:43,ABalap,43,6388,-18612,-5722,-5721,6388,33.0,584,289,43,123365
ABalap:44,ABalap,44,6886,-18114,-4586,-4586,6886,31.8,588,295,44,197547
ABalap:45,ABalap,45,6718,-18282,-6351,-6351,6718,30.1,588,310,47,260074
ABalap:46,ABalap,46,6546,-18454,-5574,-5574,6546,31.3,578,324,47,282498
ABalap:47,ABalap,47,7893,-17107,-6556,-6556,7893,30.2,577,320,50,373503
ABalap:48,ABalap,48,7490,-17510,-4936,-4936,7490,30.7,590,318,49,375076
ABalap:49,ABalap,49,6924,-18076,-6139,-6139,6924,31.0,586,322,52,484225
ABalap:50,ABalap,50,7391,-17609,-7265,-7265,7391,30.2,581,312,50,467216
ABalap:51,ABalap,51,7067,-17933,-6602,-6602,7067,31.1,570,310,52,540806
ABalap:52,ABalap,52,6940,-18060,-7852,-7852,6940,31.1,585,306,52,572579
ABalap:53,ABalap,53,7293,-17707,-6645,-6645,7293,30.7,588,313,53,576404
ABalap:54,ABalap,54,7307,-17693,-6638,-6638,7307,30.9,589,312,52,630906
ABalap:55,ABalap,55,7993,-17007,-8902,-8905,7993,31.1,578,304,57,829909
ABalap:56,ABalap,56,8175,-16825,-5416,-5416,8175,30.0,574,306,51,669125
ABalap:57,ABalap,57,8208,-16792,-4701,-4701,8208,29.0,574,302,51,481290
ABalap:58,ABalap,58,6913,-18087,-2754,-2754,6913,28.0,586,296,35,296861
ABalapa:59,ABalapa,59,5952,-19048,-1662,-1662,5952,31.2,598,308,30,178861
ABalapa:60,ABalapa,60,6410,-18590,-8369,-8369,6410,31.0,600,306,41,309439
ABalapp:59,ABalapp,59,6689,-18311,50,50,6689,33.2,555,274,24,86694
ABalapp:60,ABalapp,60,8233,-16767,-3251,-3251,8233,36.3,544,273,37,163968
ABalp:28,ABalp,28,6587,-18413,-661,-661,6587,36.8,564,207,36,75031
ABalp:29,ABalp,29,7741,-17259,-1053,-1053,7741,36.0,562,188,48,124710
ABalp:30,ABalp,30,7903,-17097,-2594,-2594,7903,37.3,552,188,47,162344
ABalp:31,ABalp,31,6259,-18741,-2860,-2860,6259,38.5,534,172,50,284125
ABalp:32,ABalp,32,5440,-19560,-2198,-2198,5440,37.5,523,151,52,379754
ABalp:33,ABalp,33,4388,-20612,-3286,-3286,4388,40.2,529,141,54,380564
ABalp:34,ABalp,34,5340,-19660,-4771,-4771,5340,36.0,538,141,55,436768
ABalp:35,ABalp,35,5548,-19452,-4602,-4602,5548,34.4,534,137,59,539306
ABalp:36,ABalp,36,6658,-18342,-2434,-2434,6658,35.1,538,147,57,506901
ABalp:37,ABalp,37,6504,-18496,-3285,-3285,6504,34.3,542,139,57,552819
ABalp:38,ABalp,38,7494,-17506,-1797,-1797,7494,37.0,540,146,54,450654
ABalp:39,ABalp,39,6111,-18889,-385,-385,6111,41.7,534,157,51,177678
ABalpa:40,ABalpa,40,4320,-20680,1004,1004,4320,46.2,536,171,25,26612
ABalpa:41,ABalpa,41,3163,-21837,-435,-435,3163,44.1,553,164,33,49871
ABalpa:42,ABalpa,42,4222,-20778,-3541,-3541,4222,42.0,554,164,43,105920
ABalpa:43,ABalpa,43,4583,-20417,-4001,-4001,4583,43.2,558,159,45,172038
ABalpa:44,ABalpa,44,4516,-20484,-2033,-2033,4516,44.0,564,156,42,178735
ABalpa:45,ABalpa,45,4321,-20679,-3349,-3349,4321,41.1,570,153,45,251871
ABalpa:46,ABalpa,46,3838,-21162,-4398,-4398,3838,41.3,568,156,49,318975
ABalpa:47,ABalpa,47,4914,-20086,-4242,-4242,4914,40.7,572,156,48,378439
ABalpa:48,ABalpa,48,4925,-20075,-4979,-4979,4925,38.0,574,158,47,364187
ABalpa:49,ABalpa,49,5515,-19485,-6054,-6054,5515,35.3,578,158,50,489163
ABalpa:50,ABalpa,50,5817,-19183,-5015,-5015,5817,36.3,573,157,52,560589
ABalpa:51,ABalpa,51,5568,-19432,-4575,-4575,5568,36.3,570,156,52,551187
ABalpa:52,ABalpa,52,4941,-20059,-3765,-3765,4941,38.0,566,160,48,456684
ABalpa:53,ABalpa,53,5091,-19909,-5924,-5924,5091,39.0,570,161,51,492525
ABalpa:54,ABalpa,54,4587,-20413,-6750,-6750,4587,40.5,557,166,54,606481
ABalpa:55,ABalpa,55,5869,-19131,-7670,-7670,5869,39.7,557,174,55,648983
ABalpa:56,ABalpa,56,6397,-18603,-7862,-7862,6397,39.5,560,176,55,673225
ABalpa:57,ABalpa,57,7246,-17754,-3593,-3593,7246,39.1,550,181,41,175113
ABalpa:58,ABalpa,58,5379,-19621,-3046,-3046,5379,40.2,556,174,45,310416
ABalpaa:59,ABalpaa,59,5847,-19153,-3077,-3077,5847,34.3,570,167,32,137997
ABalpaa:60,ABalpaa,60,6672,-18328,-5947,-5947,6672,33.0,576,168,41,272361
ABalpap:59,ABalpap,59,5603,-19397,-2197,-2197,5603,40.2,525,141,32,124611
ABalpap:60,ABalpap,60,6737,-18263,-4981,-4981,6737,41.0,524,138,41,269788
ABalpp:40,ABalpp,40,6147,-18853,-464,-464,6147,37.2,508,150,27,33678
ABalpp:41,ABalpp,41,4893,-20107,-1916,-1916,4893,33.4,501,140,39,53318
ABalpp:42,ABalpp,42,7353,-17647,-5219,-5219,7353,33.0,498,134,43,102518
ABalpp:43,ABalpp,43,6675,-18325,-5396,-5396,6675,31.9,494,136,43,137041
ABalpp:44,ABalpp,44,5395,-19605,-3139,-3139,5395,29.0,490,122,42,163492
ABalpp:45,ABalpp,45,6108,-18892,-3246,-3246,6108,27.3,482,130,47,209182
ABalpp:46,ABalpp,46,7043,-17957,-4021,-4021,7043,27.1,482,140,49,217906
ABalpp:47,ABalpp,47,9201,-15799,-2525,-2525,9201,25.0,480,134,46,254843
ABalpp:48,ABalpp,48,7987,-17013,-3672,-3672,7987,26.0,478,132,47,263720
ABalpp:49,ABalpp,49,7099,-17901,-5153,-5153,7099,27.0,474,134,48,265211
ABalpp:50,ABalpp,50,6083,-18917,-5668,-5668,6083,28.3,473,127,50,331954
ABalpp:51,ABalpp,51,5250,-19750,-5911,-5911,5250,29.2,470,134,50,333212
ABalpp:52,ABalpp,52,5530,-19470,-6132,-6132,5530,30.3,468,122,50,377643
ABalpp:53,ABalpp,53,5484,-19516,-4500,-4500,5484,30.2,468,115,51,437584
ABalpp:54,ABalpp,54,5591,-19409,-5927,-5927,5591,33.0,470,122,50,448395
ABalpp:55,ABalpp,55,5596,-19404,-6003,-6003,5596,31.9,467,124,53,506369
ABalpp:56,ABalpp,56,6127,-18873,-6347,-6347,6127,32.3,474,130,53,518868
ABalpp:57,ABalpp,57,6445,-18555,-6518,-6518,6445,35.0,470,136,51,243677
ABalpp:58,ABalpp,58,6147,-18853,-3291,-3291,6147,31.2,462,140,43,231031
ABalppa:59,ABalppa,59,6616,-18384,-3199,-3199,6616,27.2,482,138,26,82743
ABalppa:60,ABalppa,60,8609,-16391,-4638,-4638,8609,26.2,488,132,37,186734
ABalppp:59,ABalppp,59,4577,-20423,-1080,-1080,4577,34.3,433,124,32,104648
ABalppp:60,ABalppp,60,6004,-18996,-6394,-6394,6004,35.0,430,114,41,201604
ABar:16,ABar,16,8723,-16277,1304,1304,8723,36.9,521,281,37,64661
ABar:17,ABar,17,8554,-16446,-661,-661,8554,33.0,518,306,45,74278
ABar:18,ABar,18,7637,-17363,-353,-353,7637,35.1,510,316,52,185072
ABar:19,ABar,19,7532,-17468,-43,-43,7532,35.0,516,334,54,323292
ABar:20,ABar,20,7996,-17004,-1666,-1666,7996,36.1,528,351,59,562141
ABar:21,ABar,21,8725,-16275,-1781,-1781,8725,36.1,513,358,60,705658
ABar:22,ABar,22,8619,-16381,-2979,-2979,8619,31.7,499,370,57,681767
ABar:23,ABar,23,9642,-15358,-1775,-1775,9642,28.3,495,369,58,827032
ABar:24,ABar,24,10146,-14854,-2682,-2682,10146,24.4,474,374,59,817108
ABar:25,ABar,25,11525,-13475,-1004,-1004,11525,23.2,462,370,61,868657
ABar:26,ABar,26,10329,-14671,459,459,10329,24.1,446,370,44,149714
ABar:27,ABar,27,8886,-16114,1308,1308,8886,28.9,431,335,43,137182
ABara:28,ABara,28,7587,-17413,1859,1859,7587,35.6,452,336,34,63901
ABara:29,ABara,29,5509,-19491,-993,-993,5509,40.6,456,336,40,67822
ABara:30,ABara,30,5941,-19059,-2209,-2209,5941,42.0,468,338,45,108369
ABara:31,ABara,31,6375,-18625,-3243,-3243,6375,42.8,476,344,48,212925
ABara:32,ABara,32,4723,-20277,-2873,-2873,4723,44.5,484,336,52,285123
ABara:33,ABara,33,2925,-22075,-2081,-2081,2925,51.0,490,322,52,175086
ABara:34,ABara,34,2862,-22138,-3352,-3352,2862,52.2,492,312,59,222727
ABara:35,ABara,35,3302,-21698,-2540,-2540,3302,52.0,502,306,55,197812
ABara:36,ABara,36,3390,-21610,-2616,-2616,3390,52.0,494,316,55,214030
ABara:37,ABara,37,3283,-21717,-3070,-3070,3283,51.8,487,316,55,237064
ABara:38,ABara,38,3608,-21392,-2806,-2806,3608,52.0,480,322,54,242847
ABara:39,ABara,39,8612,-16388,1554,1554,8612,48.3,475,328,23,28250
ABaraa:40,ABaraa,40,4110,-20890,213,213,4110,51.3,489,325,23,16858
ABaraa:41,ABaraa,41,3889,-21111,1016,1016,3889,52.2,508,315,25,21750
ABaraa:42,ABaraa,42,2405,-22595,-2586,-2586,2405,52.3,514,316,39,42604
ABaraa:43,ABaraa,43,2938,-22062,-2440,-2440,2938,53.0,516,326,41,69551
ABaraa:44,ABaraa,44,1715,-23285,-2529,-2529,1715,54.0,516,322,42,99102
ABaraa:45,ABaraa,45,2034,-22966,-1842,-1842,2034,54.0,530,312,43,118045
ABaraa:46,ABaraa,46,2536,-22464,-3558,-3558,2536,54.0,534,308,45,128559
ABaraa:47,ABaraa,47,3812,-21188,-4229,-4229,3812,51.0,530,312,46,187372
ABaraa:48,ABaraa,48,3881,-21119,-3796,-3796,3881,52.0,536,304,47,187086
ABaraa:49,ABaraa,49,4239,-20761,-5290,-5290,4239,51.0,540,306,48,228776
ABaraa:50,ABaraa,50,4296,-20704,-4090,-4090,4296,51.0,546,318,50,272764
ABaraa:51,ABaraa,51,3967,-21033,-4078,-4078,3967,51.9,546,313,50,287445
ABaraa:52,ABaraa,52,3139,-21861,-5217,-5217,3139,52.0,546,315,52,331317
ABaraa:53,ABaraa,53,4332,-20668,-4915,-4915,4332,51.2,544,312,51,317994
ABaraa:54,ABaraa,54,3895,-21105,-6124,-6124,3895,50.9,543,310,52,418074
ABaraa:55,ABaraa,55,5157,-19843,-7635,-7638,5157,49.2,542,312,55,525780
ABaraa:56,ABaraa,56,5945,-19055,-5615,-5615,5945,49.3,544,314,53,486714
ABaraa:57,ABaraa,57,4967,-20033,-343,-343,4967,49.1,540,315,33,106566
ABaraaa:58,ABaraaa,58,7845,-17155,-988,-1204,7845,46.1,558,310,25,55843
ABaraaa:59,ABaraaa,59,5105,-19895,-2080,-2080,5105,50.3,566,308,30,101489
ABaraaa:60,ABaraaa,60,4461,-20539,-4681,-4681,4461,49.9,578,300,39,192079
ABaraap:58,ABaraap,58,3050,-21950,-850,-805,3050,49.2,531,299,25,50665
ABaraap:59,ABaraap,59,2931,-22069,-830,-830,2931,51.3,513,269,30,86200
ABaraap:60,ABaraap,60,4828,-20172,-4592,-4592,4828,52.0,510,274,41,185785
ABarap:40,ABarap,40,4954,-20046,-1195,-1195,4954,50.1,450,333,17,8879
ABarap:41,ABarap,41,2870,-22130,-268,-268,2870,51.0,447,340,23,18768
ABarap:42,ABarap,42,3977,-21023,-3939,-3939,3977,50.2,452,336,37,42082
ABarap:43,ABarap,43,4163,-20837,-5423,-5423,4163,50.0,454,342,41,85168
ABarap:44,ABarap,44,3892,-21108,-4697,-4697,3892,50.0,448,346,42,100537
ABarap:45,ABarap,45,3127,-21873,-3757,-3757,3127,51.0,442,344,43,123697
ABarap:46,ABarap,46,2852,-22148,-4935,-4935,2852,52.0,436,340,45,132301
ABarap:47,ABarap,47,3288,-21712,-6125,-6125,3288,51.9,438,343,48,182739
ABarap:48,ABarap,48,3001,-21999,-6509,-6509,3001,52.3,440,344,49,185574
ABarap:49,ABarap,49,3020,-21980,-4041,-4041,3020,53.0,448,346,48,203561
ABarap:50,ABarap,50,2843,-22157,-3736,-3736,2843,53.0,454,348,48,217232
ABarap:51,ABarap,51,3050,-21950,-3453,-3453,3050,53.0,462,344,48,229524
ABarap:52,ABarap,52,3624,-21376,-4050,-4050,3624,52.0,462,348,48,256087
ABarap:53,ABarap,53,2852,-22148,-5580,-5580,2852,53.5,464,351,53,294171
ABarap:54,ABarap,54,3930,-21070,-6119,-6119,3930,52.0,466,342,50,333317
ABarap:55,ABarap,55,4224,-20776,-6887,-6890,4224,51.0,468,346,51,357180
ABarap:56,ABarap,56,4798,-20202,-6630,-6630,4798,50.9,462,353,53,453697
ABarap:57,ABarap,57,5595,-19405,-3673,-3673,5595,49.0,458,360,49,213990
ABarap:58,ABarap,58,5045,-19955,-129,-129,5045,49.2,456,354,31,150786
ABarapa:59,ABarapa,59,3817,-21183,-400,-400,3817,50.3,493,354,26,70345
ABarapa:60,ABarapa,60,3557,-21443,-4472,-4472,3557,50.4,505,352,35,129005
ABarapp:59,ABarapp,59,4754,-20246,0,0,4754,53.1,436,339,22,48777
ABarapp:60,ABarapp,60,3146,-21854,-4623,-4623,3146,54.1,438,344,35,124036
ABarp:28,ABarp,28,7679,-17321,312,312,7679,22.6,422,352,36,42783
ABarp:29,ABarp,29,6774,-18226,-1231,-1231,6774,24.6,414,354,44,44135
ABarp:30,ABarp,30,9519,-15481,-3542,-3542,9519,26.0,408,344,45,97567
ABarp:31,ABarp,31,8808,-16192,-2311,-2311,8808,24.1,418,356,50,238775
ABarp:32,ABarp,32,7787,-17213,-2579,-2579,7787,20.1,434,358,52,292532
ABarp:33,ABarp,33,6530,-18470,-2302,-2302,6530,25.6,425,365,58,307916
ABarp:34,ABarp,34,5742,-19258,-2553,-2553,5742,26.0,414,369,59,342630
ABarp:35,ABarp,35,7088,-17912,-2661,-2661,7088,26.1,408,371,59,354699
ABarp:36,ABarp,36,5804,-19196,-3503,-3503,5804,27.8,408,374,57,316757
ABarp:37,ABarp,37,7332,-17668,-2516,-2516,7332,28.3,416,387,57,362405
ABarp:38,ABarp,38,7709,-17291,-1156,-1156,7709,29.0,414,382,54,275436
ABarp:39,ABarp,39,8586,-16414,1788,1788,8586,30.1,420,380,23,29535
ABarpa:40,ABarpa,40,7082,-17918,1369,1369,7082,32.2,436,371,23,23510
ABarpa:41,ABarpa,41,8530,-16470,2701,2701,8530,30.0,446,365,23,14291
ABarpa:42,ABarpa,42,7109,-17891,-1704,-1704,7109,30.2,449,362,39,61026
ABarpa:43,ABarpa,43,5640,-19360,-1667,-1667,5640,29.9,464,358,43,112165
ABarpa:44,ABarpa,44,5414,-19586,-1110,-1110,5414,30.0,478,362,42,139305
ABarpa:45,ABarpa,45,5171,-19829,-4070,-4070,5171,31.2,482,366,47,210647
ABarpa:46,ABarpa,46,4584,-20416,-6495,-6495,4584,32.8,483,371,47,249546
ABarpa:47,ABarpa,47,6274,-18726,-7102,-7102,6274,32.4,480,372,50,328198
ABarpa:48,ABarpa,48,5381,-19619,-4977,-4977,5381,32.9,484,374,49,323409
ABarpa:49,ABarpa,49,6057,-18943,-3701,-3701,6057,33.0,468,364,48,329429
ABarpa:50,ABarpa,50,5981,-19019,-8904,-8904,5981,30.4,469,361,52,402362
ABarpa:51,ABarpa,51,5414,-19586,-7894,-7894,5414,31.2,473,364,52,428404
ABarpa:52,ABarpa,52,5228,-19772,-7484,-7484,5228,30.4,479,364,52,461499
ABarpa:53,ABarpa,53,5380,-19620,-6720,-6720,5380,30.0,486,366,53,503081
ABarpa:54,ABarpa,54,5844,-19156,-4176,-4176,5844,31.1,480,362,52,520129
ABarpa:55,ABarpa,55,6486,-18514,-8907,-8907,6486,30.4,473,352,57,701725
ABarpa:56,ABarpa,56,7784,-17216,-7785,-7785,7784,30.4,470,350,57,741236
ABarpa:57,ABarpa,57,6780,-18220,170,170,6780,29.1,482,352,31,138457
ABarpaa:58,ABarpaa,58,7260,-17740,-770,-757,7260,26.2,496,366,33,112137
ABarpaa:59,ABarpaa,59,6385,-18615,-638,-638,6385,31.2,512,364,32,138648
ABarpaa:60,ABarpaa,60,6407,-18593,-4617,-4617,6407,33.0,526,368,41,320870
ABarpap:58,ABarpap,58,6981,-18019,914,913,6981,28.1,461,342,25,65874
ABarpap:59,ABarpap,59,6749,-18251,-472,-472,6749,35.1,463,326,24,62245
ABarpap:60,ABarpap,60,7538,-17462,-9558,-9558,7538,37.0,472,318,41,223435
ABarpp:40,ABarpp,40,6658,-18342,1194,1194,6658,28.4,381,357,21,15616
ABarpp:41,ABarpp,41,6382,-18618,-308,-308,6382,26.2,370,356,31,20744
ABarpp:42,ABarpp,42,5963,-19037,-5788,-5788,5963,27.0,370,356,43,44961
ABarpp:43,ABarpp,43,4972,-20028,-5639,-5639,4972,28.0,358,354,41,67082
ABarpp:44,ABarpp,44,4378,-20622,-3554,-3554,4378,28.0,346,364,42,90029
ABarpp:45,ABarpp,45,5616,-19384,-3960,-3960,5616,27.1,340,372,45,147389
ABarpp:46,ABarpp,46,5476,-19524,-3073,-3073,5476,28.0,336,380,45,192376
ABarpp:47,ABarpp,47,6212,-18788,-4854,-4854,6212,29.0,346,382,46,268976
ABarpp:48,ABarpp,48,5779,-19221,-4812,-4812,5779,28.0,350,380,47,269374
ABarpp:49,ABarpp,49,5988,-19012,-4033,-4033,5988,29.0,348,376,48,295397
ABarpp:50,ABarpp,50,5297,-19703,-4404,-4404,5297,28.0,358,376,48,352829
ABarpp:51,ABarpp,51,7202,-17798,-4286,-4286,7202,29.1,362,384,50,425463
ABarpp:52,ABarpp,52,5754,-19246,-7308,-7308,5754,31.0,360,382,48,395887
ABarpp:53,ABarpp,53,7222,-17778,-6329,-6329,7222,28.1,362,381,51,482437
ABarpp:54,ABarpp,54,6012,-18988,-6857,-6857,6012,27.3,365,384,52,532488
ABarpp:55,ABarpp,55,6705,-18295,-6167,-6167,6705,28.0,364,380,51,512855
ABarpp:56,ABarpp,56,6650,-18350,-4643,-4643,6650,28.0,362,370,51,530080
ABarpp:57,ABarpp,57,6806,-18194,-4188,-4188,6806,28.0,355,369,53,573493
ABarpp:58,ABarpp,58,5744,-19256,-1693,-1693,5744,29.0,356,368,49,303321
ABarpp:59,ABarpp,59,5364,-19636,606,606,5364,28.3,380,364,32,106922
ABarppa:60,ABarppa,60,7047,-17953,-3817,-3817,7047,27.1,420,384,25,71282
ABarppp:60,ABarppp,60,3748,-21252,-2365,-2365,3748,32.1,366,366,25,63391
ABp:5,ABp,5,9454,-15546,1704,1704,9454,33.3,442,281,32,31343
ABp:6,ABp,6,10225,-14775,2809,2809,10225,30.0,428,315,32,23600
ABp:7,ABp,7,9843,-15157,2552,2552,9843,32.2,408,312,44,86695
ABp:8,ABp,8,8461,-16539,-3675,-3675,8461,35.1,390,310,58,271191
ABp:9,ABp,9,7870,-17130,1906,1906,7870,35.0,382,314,59,386059
ABp:10,ABp,10,8435,-16565,2260,2260,8435,34.3,375,340,60,533193
ABp:11,ABp,11,8837,-16163,2147,2147,8837,31.3,361,338,64,705082
ABp:12,ABp,12,9772,-15228,2548,2548,9772,30.5,340,335,67,849888
ABp:13,ABp,13,11322,-13678,2970,2970,11322,31.7,340,338,66,940307
ABp:14,ABp,14,12140,-12860,1376,1376,12140,29.5,344,332,52,121660
ABp:15,ABp,15,10494,-14506,2377,2377,10494,32.7,334,314,51,112208
ABpl:16,ABpl,16,9283,-15717,1302,1305,9283,25.0,345,306,50,0
ABpl:17,ABpl,17,8349,-16651,-110,-110,8349,21.0,328,286,50,0
ABpl:18,ABpl,18,12311,-12689,-1919,-1919,12311,20.0,338,283,50,104269
ABpl:19,ABpl,19,11738,-13262,-4418,-4418,11738,19.0,346,278,54,208716
ABpl:20,ABpl,20,9635,-15365,-1731,-1731,9635,19.0,352,274,55,229893
ABpl:21,ABpl,21,8838,-16162,-1531,-1531,8838,19.0,360,258,56,288871
ABpl:22,ABpl,22,9241,-15759,-426,-426,9241,19.4,358,235,57,343149
ABpl:23,ABpl,23,9431,-15569,318,318,9431,18.5,364,187,58,483734
ABpl:24,ABpl,24,9958,-15042,-22,-22,9958,19.3,365,179,59,545801
ABpl:25,ABpl,25,10615,-14385,200,200,10615,20.2,375,166,61,620261
ABpl:26,ABpl,26,11110,-13890,1577,1577,11110,21.0,378,166,58,100991
ABpl:27,ABpl,27,9654,-15346,1052,1052,9654,23.1,394,158,45,130119
ABpla:28,ABpla,28,9332,-15668,711,711,9332,19.7,418,189,34,50841
ABpla:29,ABpla,29,8884,-16116,-469,-469,8884,16.2,442,210,42,32832
ABpla:30,ABpla,30,10297,-14703,-1327,-1327,10297,16.0,458,208,45,70599
ABpla:31,ABpla,31,9822,-15178,-1227,-1227,9822,16.0,468,212,46,145010
ABpla:32,ABpla,32,8546,-16454,-1341,-1341,8546,16.4,480,225,52,198730
ABpla:33,ABpla,33,6873,-18127,-2644,-2644,6873,25.0,480,248,52,161271
ABpla:34,ABpla,34,6563,-18437,-2496,-2496,6563,23.0,484,258,55,214686
ABpla:35,ABpla,35,6143,-18857,-4463,-4463,6143,23.5,475,260,61,251135
ABpla:36,ABpla,36,6149,-18851,-3145,-3145,6149,23.2,482,262,59,234340
ABpla:37,ABpla,37,6648,-18352,-1167,-1167,6648,24.0,488,264,53,203897
ABpla:38,ABpla,38,7196,-17804,-1762,-1762,7196,24.1,490,259,60,194783
ABpla:39,ABpla,39,6815,-18185,-403,-403,6815,24.1,489,242,21,19464
ABplaa:40,ABplaa,40,7600,-17400,756,756,7600,27.1,507,252,23,15779
ABplaa:41,ABplaa,41,6122,-18878,254,254,6122,24.3,504,247,23,11755
ABplaa:42,ABplaa,42,6114,-18886,-2096,-2096,6114,27.0,498,248,43,50263
ABplaa:43,ABplaa,43,6177,-18823,-2480,-2480,6177,28.0,508,242,41,75680
ABplaa:44,ABplaa,44,6035,-18965,-3517,-3517,6035,26.0,514,248,42,126156
ABplaa:45,ABplaa,45,6637,-18363,-4858,-4858,6637,25.2,524,264,47,156093
ABplaa:46,ABplaa,46,7598,-17402,-4970,-4970,7598,26.0,524,267,47,191882
ABplaa:47,ABplaa,47,7273,-17727,-5457,-5457,7273,25.7,522,267,48,229750
ABplaa:48,ABplaa,48,6573,-18427,-5625,-5625,6573,24.5,522,262,51,250334
ABplaa:49,ABplaa,49,6982,-18018,-5163,-5163,6982,24.0,518,264,48,252501
ABplaa:50,ABplaa,50,6401,-18599,-4673,-4673,6401,24.4,508,252,52,279643
ABplaa:51,ABplaa,51,6234,-18766,-5826,-5826,6234,25.8,508,250,50,277144
ABplaa:52,ABplaa,52,6652,-18348,-6138,-6138,6652,24.0,522,246,50,295118
ABplaa:53,ABplaa,53,6805,-18195,-5678,-5678,6805,24.1,520,235,53,373553
ABplaa:54,ABplaa,54,6468,-18532,-6485,-6485,6468,25.1,514,227,54,456624
ABplaa:55,ABplaa,55,7228,-17772,-5939,-5939,7228,25.0,510,227,53,475538
ABplaa:56,ABplaa,56,7106,-17894,-4773,-4773,7106,25.0,510,234,51,420426
ABplaa:57,ABplaa,57,6650,-18350,-5892,-5892,6650,26.0,510,236,43,204922
ABplaaa:58,ABplaaa,58,7049,-17951,-5525,-5743,7049,23.1,515,241,33,71447
ABplaaa:59,ABplaaa,59,9319,-15681,-3916,-3916,9319,22.1,519,244,30,83519
ABplaaa:60,ABplaaa,60,10546,-14454,-5933,-5933,10546,23.0,522,250,41,232328
ABplaap:58,ABplaap,58,4873,-20127,-3014,-3058,4873,27.0,488,209,35,89140
ABplaap:59,ABplaap,59,5072,-19928,-3271,-3271,5072,27.3,470,213,34,100317
ABplaap:60,ABplaap,60,6609,-18391,-5697,-5697,6609,27.0,464,214,41,194413
ABplap:40,ABplap,40,6669,-18331,402,402,6669,24.2,448,240,21,10461
ABplap:41,ABplap,41,4991,-20009,-1229,-1229,4991,23.3,428,234,23,7696
ABplap:42,ABplap,42,6705,-18295,-2173,-2173,6705,27.2,416,234,41,33634
ABplap:43,ABplap,43,6560,-18440,-2907,-2907,6560,26.1,402,228,45,52912
ABplap:44,ABplap,44,6724,-18276,-4984,-4984,6724,26.7,382,240,44,75368
ABplap:45,ABplap,45,6659,-18341,-2938,-2938,6659,24.2,380,242,45,118921
ABplap:46,ABplap,46,7198,-17802,-2649,-2649,7198,24.0,388,250,45,121769
ABplap:47,ABplap,47,8955,-16045,-3242,-3242,8955,24.1,384,246,48,212234
ABplap:48,ABplap,48,7780,-17220,-3879,-3879,7780,24.1,390,250,49,212626
ABplap:49,ABplap,49,5587,-19413,-1977,-1977,5587,24.0,394,254,48,166499
ABplap:50,ABplap,50,5998,-19002,-3035,-3035,5998,25.0,394,248,50,229473
ABplap:51,ABplap,51,5713,-19287,-2051,-2051,5713,24.0,400,250,48,227252
ABplap:52,ABplap,52,5373,-19627,-3169,-3169,5373,25.0,400,256,48,235049
ABplap:53,ABplap,53,6313,-18687,-3931,-3931,6313,25.2,400,248,53,311218
ABplap:54,ABplap,54,6124,-18876,-5894,-5894,6124,27.0,400,248,50,320702
ABplap:55,ABplap,55,6570,-18430,-6004,-6004,6570,26.2,395,248,55,412433
ABplap:56,ABplap,56,7418,-17582,-5475,-5475,7418,28.0,394,246,51,349490
ABplap:57,ABplap,57,6721,-18279,-1134,-1134,6721,26.0,396,251,41,149299
ABplapa:58,ABplapa,58,6991,-18009,951,951,6991,24.3,405,266,25,36371
ABplapa:59,ABplapa,59,5043,-19957,-2386,-2386,5043,23.1,422,276,30,62339
ABplapa:60,ABplapa,60,7074,-17926,-6265,-6265,7074,25.0,428,288,41,196216
ABplapp:58,ABplapp,58,5438,-19562,-1335,-1335,5438,27.2,368,228,33,54699
ABplapp:59,ABplapp,59,5394,-19606,-2357,-2357,5394,27.0,362,229,34,74240
ABplapp:60,ABplapp,60,8383,-16617,-8086,-8086,8383,28.0,362,238,41,180686
ABplp:28,ABplp,28,8556,-16444,653,653,8556,27.1,382,152,34,56390
ABplp:29,ABplp,29,8565,-16435,-1209,-1209,8565,24.3,389,158,40,61802
ABplp:30,ABplp,30,13428,-11572,-3558,-3558,13428,22.0,382,156,45,107677
ABplp:31,ABplp,31,11742,-13258,-2687,-2687,11742,17.5,372,146,50,192930
ABplp:32,ABplp,32,11481,-13519,-2789,-2789,11481,16.6,349,146,52,224612
ABplp:33,ABplp,33,9189,-15811,-4191,-4191,9189,24.0,340,146,54,218308
ABplp:34,ABplp,34,9416,-15584,-2636,-2636,9416,23.2,326,155,55,189605
ABplp:35,ABplp,35,8156,-16844,-3716,-3716,8156,24.2,330,158,59,232985
ABplp:36,ABplp,36,6837,-18163,-5024,-5024,6837,25.8,334,153,57,225433
ABplp:37,ABplp,37,7679,-17321,-3975,-3975,7679,24.5,330,151,59,330059
ABplp:38,ABplp,38,8166,-16834,-2217,-2217,8166,24.3,342,140,58,299612
ABplp:39,ABplp,39,7459,-17541,-666,-666,7459,25.2,348,136,35,47230
ABplp:40,ABplp,40,6534,-18466,185,185,6534,29.2,348,148,27,60307
ABplpa:41,ABplpa,41,7284,-17716,559,559,7284,31.1,374,130,23,26970
ABplpa:42,ABplpa,42,5683,-19317,-1555,-1555,5683,31.1,367,120,37,60469
ABplpa:43,ABplpa,43,6347,-18653,-1716,-1716,6347,34.0,370,118,41,102822
ABplpa:44,ABplpa,44,6140,-18860,-1699,-1699,6140,33.0,382,120,42,133825
ABplpa:45,ABplpa,45,7088,-17912,-6411,-6411,7088,30.3,386,119,47,213115
ABplpa:46,ABplpa,46,7405,-17595,-6127,-6127,7405,30.0,388,128,45,181253
ABplpa:47,ABplpa,47,7601,-17399,-7468,-7468,7601,29.9,382,120,48,269776
ABplpa:48,ABplpa,48,7562,-17438,-7701,-7701,7562,30.0,378,124,47,279146
ABplpa:49,ABplpa,49,9040,-15960,-4804,-4804,9040,28.0,376,128,48,283143
ABplpa:50,ABplpa,50,8164,-16836,-5236,-5236,8164,29.0,372,123,50,371249
ABplpa:51,ABplpa,51,8263,-16737,-3873,-3873,8263,29.0,368,124,48,381429
ABplpa:52,ABplpa,52,8507,-16493,-5036,-5036,8507,29.4,364,119,52,509842
ABplpa:53,ABplpa,53,7819,-17181,-5198,-5198,7819,30.1,361,122,51,491635
ABplpa:54,ABplpa,54,7433,-17567,-6259,-6259,7433,31.0,355,118,52,597882
ABplpa:55,ABplpa,55,7177,-17823,-7223,-7223,7177,31.3,354,122,53,599452
ABplpa:56,ABplpa,56,7979,-17021,-6339,-6339,7979,31.4,363,128,53,617659
ABplpa:57,ABplpa,57,8099,-16901,-6525,-6525,8099,34.0,360,126,51,473731
ABplpa:58,ABplpa,58,7418,-17582,63,63,7418,33.0,365,132,25,110556
ABplpaa:59,ABplpaa,59,8107,-16893,-148,-148,8107,28.4,365,127,26,95517
ABplpaa:60,ABplpaa,60,7416,-17584,-5966,-5966,7416,26.0,359,132,37,175468
ABplpap:59,ABplpap,59,6129,-18871,-921,-921,6129,34.1,314,116,26,95177
ABplpap:60,ABplpap,60,6214,-18786,-3280,-3280,6214,33.0,302,117,33,133983
ABplpp:41,ABplpp,41,7772,-17228,2079,2079,7772,28.2,307,146,23,25879
ABplpp:42,ABplpp,42,6765,-18235,-2586,-2586,6765,29.1,296,146,39,59548
ABplpp:43,ABplpp,43,7332,-17668,-4085,-4085,7332,29.0,292,140,41,93926
ABplpp:44,ABplpp,44,7174,-17826,-2089,-2089,7174,29.0,278,152,42,115413
ABplpp:45,ABplpp,45,6079,-18921,-3261,-3261,6079,27.0,274,154,43,126312
ABplpp:46,ABplpp,46,6344,-18656,-3906,-3906,6344,25.1,264,163,47,152625
ABplpp:47,ABplpp,47,6735,-18265,-4441,-4441,6735,25.0,268,164,46,169534
ABplpp:48,ABplpp,48,7912,-17088,-3558,-3558,7912,25.0,268,162,47,149878
ABplpp:49,ABplpp,49,8321,-16679,-3157,-3157,8321,24.0,264,158,48,189368
ABplpp:50,ABplpp,50,8651,-16349,-3745,-3745,8651,25.0,268,166,48,209845
ABplpp:51,ABplpp,51,8583,-16417,-4962,-4962,8583,25.0,272,164,48,241772
ABplpp:52,ABplpp,52,8136,-16864,-4269,-4269,8136,24.0,272,162,48,219715
ABplpp:53,ABplpp,53,8621,-16379,-5610,-5610,8621,25.0,270,150,49,275067
ABplpp:54,ABplpp,54,7994,-17006,-8783,-8783,7994,26.0,278,154,50,321763
ABplpp:55,ABplpp,55,9074,-15926,-8359,-8359,9074,26.0,280,162,51,352867
ABplpp:56,ABplpp,56,10637,-14363,-7301,-7301,10637,27.0,282,166,51,368557
ABplpp:57,ABplpp,57,9777,-15223,-7711,-7711,9777,27.0,284,166,51,370636
ABplpp:58,ABplpp,58,7531,-17469,-5684,-5684,7531,27.3,292,176,37,151942
ABplppa:59,ABplppa,59,8221,-16779,-888,-888,8221,23.3,288,178,26,43961
ABplppa:60,ABplppa,60,9622,-15378,-3720,-3720,9622,23.2,286,180,31,63233
ABplppp:59,ABplppp,59,9440,-15560,-399,-399,9440,29.0,252,153,26,66228
ABplppp:60,ABplppp,60,8476,-16524,-7409,-7409,8476,29.2,238,150,33,122037
ABpr:16,ABpr,16,7180,-17820,340,476,7180,36.0,329,323,50,0
ABpr:17,ABpr,17,7306,-17694,902,902,7306,32.5,297,336,43,53195
ABpr:18,ABpr,18,9672,-15328,-1183,-1183,9672,31.3,279,348,50,150998
ABpr:19,ABpr,19,9530,-15470,-1138,-1138,9530,32.0,270,354,54,335067
ABpr:20,ABpr,20,7640,-17360,-87,-87,7640,38.0,286,362,55,412293
ABpr:21,ABpr,21,6754,-18246,428,428,6754,41.9,303,357,58,503273
ABpr:22,ABpr,22,5659,-19341,-762,-762,5659,42.7,311,351,57,454434
ABpr:23,ABpr,23,5439,-19561,129,129,5439,42.3,302,347,58,516244
ABpr:24,ABpr,24,6822,-18178,600,600,6822,38.8,292,347,59,645906
ABpr:25,ABpr,25,7223,-17777,1407,1407,7223,39.7,280,342,61,679079
ABpr:26,ABpr,26,7350,-17650,1367,1367,7350,39.3,267,348,62,156989
ABpr:27,ABpr,27,7058,-17942,1030,1030,7058,38.3,261,324,47,194179
ABpra:28,ABpra,28,5787,-19213,-422,-422,5787,38.6,288,353,34,72385
ABpra:29,ABpra,29,4745,-20255,-669,-669,4745,44.2,289,343,44,65653
ABpra:30,ABpra,30,5506,-19494,-1190,-1190,5506,43.0,290,362,45,107093
ABpra:31,ABpra,31,4638,-20362,-1099,-1099,4638,43.0,302,370,46,191484
ABpra:32,ABpra,32,3804,-21196,-2141,-2141,3804,44.0,318,381,52,285815
ABpra:33,ABpra,33,3276,-21724,-1571,-1571,3276,49.0,336,386,52,218364
ABpra:34,ABpra,34,3410,-21590,-3230,-3230,3410,47.9,337,389,55,262845
ABpra:35,ABpra,35,3593,-21407,-2824,-2824,3593,48.9,339,389,57,283690
ABpra:36,ABpra,36,4061,-20939,-3083,-3083,4061,47.0,316,388,55,289644
ABpra:37,ABpra,37,3961,-21039,-3027,-3027,3961,47.1,310,383,55,295042
ABpra:38,ABpra,38,4319,-20681,-2537,-2537,4319,46.2,296,378,60,341805
ABpra:39,ABpra,39,4120,-20880,-162,-162,4120,45.1,310,374,25,28662
ABpraa:40,ABpraa,40,5581,-19419,1256,1256,5581,46.4,323,376,27,23341
ABpraa:41,ABpraa,41,3307,-21693,-515,-515,3307,45.0,332,398,27,22772
ABpraa:42,ABpraa,42,4742,-20258,-3087,-3087,4742,44.0,338,404,43,72098
ABpraa:43,ABpraa,43,5248,-19752,-3305,-3305,5248,42.9,346,413,43,118996
ABpraa:44,ABpraa,44,3639,-21361,-1366,-1366,3639,46.8,354,412,44,153759
ABpraa:45,ABpraa,45,2772,-22228,-1830,-1830,2772,48.2,358,404,47,181309
ABpraa:46,ABpraa,46,2764,-22236,-2669,-2669,2764,48.4,354,402,49,208236
ABpraa:47,ABpraa,47,3598,-21402,-1771,-1771,3598,48.2,356,396,50,233560
ABpraa:48,ABpraa,48,4583,-20417,-1610,-1610,4583,47.1,364,392,51,258561
ABpraa:49,ABpraa,49,4291,-20709,-1153,-1153,4291,48.0,362,392,48,249637
ABpraa:50,ABpraa,50,4248,-20752,-2909,-2909,4248,47.4,364,398,52,334725
ABpraa:51,ABpraa,51,4275,-20725,-2475,-2475,4275,47.8,370,398,50,331693
ABpraa:52,ABpraa,52,5408,-19592,-1795,-1795,5408,48.1,363,396,50,343963
ABpraa:53,ABpraa,53,6376,-18624,-2374,-2374,6376,46.3,365,394,53,371997
ABpraa:54,ABpraa,54,3902,-21098,-3645,-3645,3902,48.1,366,392,54,431498
ABpraa:55,ABpraa,55,4316,-20684,-3148,-3148,4316,47.3,368,394,55,471101
ABpraa:56,ABpraa,56,5109,-19891,766,766,5109,46.1,376,395,23,54641
ABpraaa:57,ABpraaa,57,6822,-18178,849,849,6822,43.1,386,407,25,57417
ABpraaa:58,ABpraaa,58,5912,-19088,-2877,-2877,5912,42.1,396,410,35,106339
ABpraaa:59,ABpraaa,59,6341,-18659,-5892,-5892,6341,43.6,418,408,42,259833
ABpraaa:60,ABpraaa,60,10787,-14213,-3324,-3324,10787,42.3,432,408,43,336344
ABpraap:57,ABpraap,57,3168,-21832,172,172,3168,48.4,346,379,25,39192
ABpraap:58,ABpraap,58,3464,-21536,164,164,3464,50.2,342,382,27,50471
ABpraap:59,ABpraap,59,3593,-21407,-1711,-1711,3593,51.1,350,383,40,173391
ABpraap:60,ABpraap,60,5850,-19150,-1164,-1164,5850,51.0,352,374,41,215883
ABprap:40,ABprap,40,3322,-21678,-527,-527,3322,42.0,285,376,25,27787
ABprap:41,ABprap,41,5207,-19793,-80,-80,5207,39.2,270,386,27,28817
ABprap:42,ABprap,42,5282,-19718,-2818,-2818,5282,38.0,266,386,39,63674
ABprap:43,ABprap,43,4690,-20310,-3094,-3094,4690,36.0,260,382,41,93159
ABprap:44,ABprap,44,4626,-20374,-3109,-3109,4626,35.6,248,375,46,147504
ABprap:45,ABprap,45,4788,-20212,-3781,-3781,4788,37.0,231,385,45,184975
ABprap:46,ABprap,46,3958,-21042,-6610,-6610,3958,38.9,221,389,47,250985
ABprap:47,ABprap,47,5363,-19637,-7732,-7732,5363,36.6,218,391,50,334499
ABprap:48,ABprap,48,4462,-20538,-7171,-7171,4462,38.0,222,391,49,318323
ABprap:49,ABprap,49,5727,-19273,-6666,-6666,5727,35.0,228,392,48,333834
ABprap:50,ABprap,50,5746,-19254,-6653,-6653,5746,36.2,243,395,52,430257
ABprap:51,ABprap,51,5871,-19129,-7431,-7431,5871,35.6,240,395,52,458694
ABprap:52,ABprap,52,4593,-20407,-5571,-5571,4593,35.2,237,401,50,455808
ABprap:53,ABprap,53,5140,-19860,-8097,-8097,5140,35.1,243,386,53,510169
ABprap:54,ABprap,54,4575,-20425,-5359,-5359,4575,38.1,252,388,52,524305
ABprap:55,ABprap,55,5801,-19199,-4362,-4362,5801,37.4,250,386,55,601183
ABprap:56,ABprap,56,4966,-20034,98,98,4966,35.1,252,388,25,70533
ABprapa:57,ABprapa,57,6616,-18384,-897,-939,6616,32.1,264,388,25,49541
ABprapa:58,ABprapa,58,7307,-17693,-1449,-1449,7307,34.0,268,402,31,102871
ABprapa:59,ABprapa,59,6854,-18146,-8831,-8831,6854,34.3,282,407,44,283822
ABprapa:60,ABprapa,60,7583,-17417,-9452,-9452,7583,35.0,294,400,41,313529
ABprapp:57,ABprapp,57,5989,-19011,-102,-107,5989,34.1,234,374,25,50677
ABprapp:58,ABprapp,58,6696,-18304,-1236,-1236,6696,35.3,212,375,25,54479
ABprapp:59,ABprapp,59,7312,-17688,-7211,-7211,7312,35.3,214,390,42,251683
ABprapp:60,ABprapp,60,6594,-18406,-7938,-7938,6594,35.0,218,388,41,316258
ABprp:28,ABprp,28,4806,-20194,-939,-939,4806,41.0,262,300,34,68098
ABprp:29,ABprp,29,4580,-20420,-672,-672,4580,42.2,242,282,40,59348
ABprp:30,ABprp,30,4405,-20595,-2073,-2073,4405,43.0,240,288,45,98039
ABprp:31,ABprp,31,4045,-20955,-3559,-3559,4045,45.1,237,287,50,217283
ABprp:32,ABprp,32,4095,-20905,-4191,-4191,4095,45.5,241,287,52,264603
ABprp:33,ABprp,33,2625,-22375,-4120,-4120,2625,53.0,224,286,52,162859
ABprp:34,ABprp,34,4539,-20461,-1625,-1625,4539,53.0,216,284,53,174249
ABprp:35,ABprp,35,6561,-18439,-841,-841,6561,53.2,212,284,57,202472
ABprp:36,ABprp,36,5326,-19674,-1498,-1498,5326,53.0,206,284,55,209609
ABprp:37,ABprp,37,3407,-21593,-2060,-2060,3407,52.0,212,288,53,207970
ABprp:38,ABprp,38,4162,-20838,-2255,-2255,4162,50.0,210,286,54,222364
ABprp:39,ABprp,39,4593,-20407,241,241,4593,48.1,218,301,27,21762
ABprp:40,ABprp,40,3318,-21682,418,418,3318,50.1,202,295,27,51533
ABprpa:41,ABprpa,41,1870,-23130,-294,-294,1870,53.2,235,310,23,21582
ABprpa:42,ABprpa,42,2607,-22393,-653,-653,2607,53.2,249,321,31,21818
ABprpa:43,ABprpa,43,2892,-22108,-2156,-2156,2892,54.0,252,326,41,52928
ABprpa:44,ABprpa,44,2175,-22825,-1240,-1240,2175,55.0,252,326,42,66230
ABprpa:45,ABprpa,45,1870,-23130,-2165,-2165,1870,55.0,258,332,45,95083
ABprpa:46,ABprpa,46,2117,-22883,-2505,-2505,2117,55.0,260,332,45,116392
ABprpa:47,ABprpa,47,2035,-22965,-3202,-3202,2035,54.0,260,334,46,145821
ABprpa:48,ABprpa,48,2688,-22312,-3434,-3434,2688,53.7,264,332,49,160562
ABprpa:49,ABprpa,49,3729,-21271,-3358,-3358,3729,53.0,260,346,48,167384
ABprpa:50,ABprpa,50,3356,-21644,-3484,-3484,3356,53.0,258,344,48,197527
ABprpa:51,ABprpa,51,3167,-21833,-4037,-4037,3167,53.0,252,348,48,192312
ABprpa:52,ABprpa,52,3013,-21987,-2942,-2942,3013,54.0,248,346,48,240373
ABprpa:53,ABprpa,53,3208,-21792,-3037,-3037,3208,54.0,244,348,49,226382
ABprpa:54,ABprpa,54,3183,-21817,-2327,-2327,3183,55.0,242,342,50,258336
ABprpa:55,ABprpa,55,3841,-21159,-3735,-3684,3841,53.7,246,342,53,323182
ABprpa:56,ABprpa,56,4030,-20970,-3765,-3756,4030,53.0,240,340,51,356558
ABprpa:57,ABprpa,57,4722,-20278,-3232,-3232,4722,52.0,238,346,51,384952
ABprpa:58,ABprpa,58,4200,-20800,-3158,-3158,4200,50.0,230,344,49,206205
ABprpa:59,ABprpa,59,3247,-21753,-417,-417,3247,49.2,241,355,34,195566
ABprpaa:60,ABprpaa,60,3571,-21429,-329,-329,3571,50.2,257,380,31,95409
ABprpap:60,ABprpap,60,3147,-21853,-578,-578,3147,50.3,221,333,27,74054
ABprpp:41,ABprpp,41,2526,-22474,-76,-76,2526,49.0,184,302,23,22035
ABprpp:42,ABprpp,42,3213,-21787,127,127,3213,48.4,184,311,29,19093
ABprpp:43,ABprpp,43,1809,-23191,-4144,-4144,1809,50.0,180,304,41,62409
ABprpp:44,ABprpp,44,2671,-22329,-4337,-4337,2671,50.0,164,298,42,103881
ABprpp:45,ABprpp,45,4376,-20624,-3896,-3896,4376,50.2,150,297,45,131337
ABprpp:46,ABprpp,46,5157,-19843,-3536,-3536,5157,52.0,150,296,45,140066
ABprpp:47,ABprpp,47,5628,-19372,-3859,-3859,5628,52.1,150,298,48,191818
ABprpp:48,ABprpp,48,6763,-18237,-2568,-2568,6763,52.0,148,300,47,186083
ABprpp:49,ABprpp,49,5840,-19160,-2122,-2122,5840,53.0,150,294,48,193918
ABprpp:50,ABprpp,50,6107,-18893,-1600,-1600,6107,53.0,152,302,48,208856
ABprpp:51,ABprpp,51,5157,-19843,-2159,-2159,5157,53.0,155,300,50,233977
ABprpp:52,ABprpp,52,5671,-19329,-1381,-1381,5671,53.0,154,298,48,235202
ABprpp:53,ABprpp,53,5312,-19688,-2946,-2946,5312,53.2,160,306,51,269166
ABprpp:54,ABprpp,54,4077,-20923,-5258,-5258,4077,52.0,152,306,50,319548
ABprpp:55,ABprpp,55,4343,-20657,-6142,-6142,4343,50.0,148,312,51,380980
ABprpp:56,ABprpp,56,5617,-19383,-6134,-6134,5617,48.0,148,316,51,443663
ABprpp:57,ABprpp,57,4997,-20003,-5396,-5396,4997,48.0,146,316,51,476126
ABprpp:58,ABprpp,58,5472,-19528,-4967,-4967,5472,47.0,140,312,49,292943
ABprpp:59,ABprpp,59,5629,-19371,-4375,-4375,5629,46.0,146,318,46,333488
ABprppa:60,ABprppa,60,5176,-19824,-2563,-2563,5176,46.0,148,350,31,126735
ABprppp:60,ABprppp,60,3282,-21718,-2898,-2898,3282,50.3,139,291,33,103164
P1:1,P1,1,10572,-14428,4331,4331,10572,34.0,194,250,80,1300330
P1:2,P1,2,10708,-14292,2666,2666,10708,34.0,210,242,80,1536023
P1:3,P1,3,11157,-13843,4123,4123,11157,31.0,200,252,80,1557782
P1:4,P1,4,11893,-13107,4768,4768,11893,31.0,206,248,80,1392811
P1:5,P1,5,11356,-13644,1193,1193,11356,27.2,205,218,32,46012
P1:6,P1,6,8276,-16724,1294,1294,8276,31.8,208,206,44,143639
EMS:7,EMS,7,6359,-18641,-504,-504,6359,30.3,259,189,30,53980
EMS:8,EMS,8,8092,-16908,1477,1477,8092,32.2,268,180,36,52691
EMS:9,EMS,9,7870,-17130,-2149,-2149,7870,34.3,276,190,51,160696
EMS:10,EMS,10,7506,-17494,-849,-849,7506,31.0,284,184,56,315488
EMS:11,EMS,11,7182,-17818,1183,1183,7182,31.0,302,166,58,465516
EMS:12,EMS,12,7208,-17792,1072,1072,7208,30.0,312,146,61,600488
EMS:13,EMS,13,8063,-16937,-737,-737,8063,29.7,312,126,66,886885
EMS:14,EMS,14,7486,-17514,-4563,-4563,7486,30.2,321,123,70,1081897
EMS:15,EMS,15,7493,-17507,-3206,-3206,7493,30.3,334,117,69,1045952
EMS:16,EMS,16,7422,-17578,-1445,-1445,7422,33.2,325,123,65,907279
EMS:17,EMS,17,8406,-16594,-1364,-1364,8406,39.6,332,157,69,867483
EMS:18,EMS,18,7417,-17583,-389,-389,7417,39.0,336,180,36,69190
MS:19,MS,19,7229,-17771,1199,1179,7229,42.2,347,188,30,28409
MS:20,MS,20,4974,-20026,-251,-251,4974,43.0,358,166,33,34500
MS:21,MS,21,7862,-17138,-768,-768,7862,41.6,363,153,40,76152
MS:22,MS,22,5228,-19772,-2259,-2259,5228,46.0,380,148,51,154928
MS:23,MS,23,4649,-20351,-2109,-2109,4649,47.0,398,162,52,235655
MS:24,MS,24,5799,-19201,-2144,-2144,5799,47.0,410,190,53,267658
MS:25,MS,25,8082,-16918,-2952,-2952,8082,45.8,413,191,57,358446
MS:26,MS,26,8958,-16042,-4214,-4214,8958,45.9,408,212,62,469435
MS:27,MS,27,10079,-14921,-2771,-2771,10079,46.5,411,202,63,462662
MS:28,MS,28,8090,-16910,-4269,-4269,8090,45.7,406,200,58,464014
MS:29,MS,29,9025,-15975,-3271,-3271,9025,43.4,388,189,52,384024
MS:30,MS,30,7731,-17269,-1449,-1449,7731,41.3,380,188,49,349527
MS:31,MS,31,10423,-14577,727,727,10423,41.0,377,204,24,21746
MS:32,MS,32,7443,-17557,-661,-661,7443,40.0,389,200,22,45453
MSa:33,MSa,33,4673,-20327,-1,-1,4673,47.1,406,181,22,20173
MSa:34,MSa,34,4001,-20999,-1037,-1037,4001,44.1,415,175,27,15412
MSa:35,MSa,35,3749,-21251,-1775,-1775,3749,46.3,430,176,45,76597
MSa:36,MSa,36,3328,-21672,-2286,-2286,3328,46.4,439,175,45,131133
MSa:37,MSa,37,4578,-20422,-5471,-5471,4578,48.0,438,168,53,213377
MSa:38,MSa,38,4909,-20091,-4669,-4669,4909,49.0,428,170,54,248650
MSa:39,MSa,39,4171,-20829,-6112,-6112,4171,49.8,418,170,55,242981
MSa:40,MSa,40,5019,-19981,-5904,-5904,5019,49.5,420,176,53,249646
MSa:41,MSa,41,4805,-20195,-3810,-3810,4805,50.0,448,180,51,244124
MSa:42,MSa,42,5134,-19866,-4190,-4190,5134,48.1,458,186,47,223179
MSa:43,MSa,43,3885,-21115,-3004,-3004,3885,48.2,455,192,45,193167
MSa:44,MSa,44,4202,-20798,-1181,-1181,4202,48.3,447,194,46,216602
MSa:45,MSa,45,4333,-20667,-1426,-1426,4333,47.3,448,180,47,230592
MSa:46,MSa,46,5793,-19207,-457,-457,5793,47.2,453,176,49,250869
MSa:47,MSa,47,6648,-18352,71,71,6648,44.0,457,176,24,36644
MSaa:48,MSaa,48,2984,-22016,-1512,-1512,2984,48.0,472,175,25,30624
MSaa:49,MSaa,49,5422,-19578,-40,-40,5422,47.1,486,174,26,32068
MSaa:50,MSaa,50,4755,-20245,-2316,-2316,4755,50.2,483,180,42,123555
MSaa:51,MSaa,51,2888,-22112,-4199,-4199,2888,51.0,482,185,46,206640
MSaa:52,MSaa,52,2673,-22327,-5926,-5926,2673,52.0,500,200,48,262052
MSaa:53,MSaa,53,2958,-22042,-5821,-5821,2958,53.0,496,198,49,297729
MSaa:54,MSaa,54,3105,-21895,-6508,-6508,3105,52.0,490,202,50,365226
MSaa:55,MSaa,55,3588,-21412,-7389,-7389,3588,52.0,488,210,51,398280
MSaa:56,MSaa,56,3733,-21267,-7627,-7627,3733,52.0,484,214,51,409646
MSaa:57,MSaa,57,4524,-20476,-5272,-5272,4524,53.0,484,214,51,416703
MSaa:58,MSaa,58,3557,-21443,-4479,-4479,3557,54.0,486,210,49,430687
MSaa:59,MSaa,59,4103,-20897,-3964,-3964,4103,53.1,480,190,48,473267
MSaa:60,MSaa,60,4062,-20938,-2868,-2868,4062,51.3,470,190,45,420516
MSap:48,MSap,48,4830,-20170,328,328,4830,45.0,430,162,23,26179
MSap:49,MSap,49,5649,-19351,-33,-33,5649,44.1,423,152,26,29563
MSap:50,MSap,50,3101,-21899,-5420,-5420,3101,47.2,410,147,42,110985
MSap:51,MSap,51,3547,-21453,-4049,-4049,3547,47.2,396,137,44,193231
MSap:52,MSap,52,4417,-20583,-8739,-8739,4417,46.0,386,132,48,318480
MSap:53,MSap,53,5235,-19765,-9541,-9541,5235,47.0,378,122,49,359521
MSap:54,MSap,54,5054,-19946,-9689,-9689,5054,48.0,378,126,50,409399
MSap:55,MSap,55,5668,-19332,-8360,-8360,5668,49.0,382,126,51,437127
MSap:56,MSap,56,4955,-20045,-6642,-6642,4955,50.0,386,122,51,469455
MSap:57,MSap,57,4889,-20111,-6737,-6737,4889,51.0,380,126,51,499526
MSap:58,MSap,58,5682,-19318,-5985,-5985,5682,51.0,380,128,49,480331
MSap:59,MSap,59,4595,-20405,-6419,-6419,4595,51.6,366,132,50,542055
MSap:60,MSap,60,5709,-19291,-5564,-5564,5709,49.1,360,129,45,435202
MSp:33,MSp,33,5479,-19521,-1936,-1936,5479,47.3,351,206,22,21470
MSp:34,MSp,34,5464,-19536,-2038,-2038,5464,47.0,349,217,31,19022
MSp:35,MSp,35,7062,-17938,-3655,-3655,7062,46.2,352,223,45,60738
MSp:36,MSp,36,6213,-18787,-1874,-1874,6213,48.1,339,234,51,129855
MSp:37,MSp,37,5117,-19883,-5101,-5101,5117,48.0,326,238,53,185507
MSp:38,MSp,38,4888,-20112,-5532,-5532,4888,48.0,326,240,54,238821
MSp:39,MSp,39,3800,-21200,-4360,-4360,3800,50.0,320,244,53,217667
MSp:40,MSp,40,3575,-21425,-4449,-4449,3575,49.8,315,252,51,221943
MSp:41,MSp,41,5439,-19561,-3505,-3505,5439,49.3,333,254,53,242208
MSp:42,MSp,42,5739,-19261,-2858,-2858,5739,47.4,346,256,47,176589
MSp:43,MSp,43,5295,-19705,-2131,-2131,5295,48.6,346,267,45,169235
MSp:44,MSp,44,4712,-20288,-1610,-1610,4712,49.2,343,259,46,185592
MSp:45,MSp,45,4132,-20868,-1403,-1403,4132,50.1,356,254,47,194836
MSp:46,MSp,46,5762,-19238,-591,-591,5762,49.3,356,256,49,217804
MSp:47,MSp,47,6283,-18717,-318,-318,6283,48.1,358,258,22,20588
MSpa:48,MSpa,48,7170,-17830,-87,-87,7170,46.0,380,256,21,12494
MSpa:49,MSpa,49,6274,-18726,2590,2590,6274,49.0,394,255,22,16104
MSpa:50,MSpa,50,3943,-21057,-2056,-2056,3943,49.3,399,247,40,94485
MSpa:51,MSpa,51,2636,-22364,-2168,-2168,2636,51.1,404,246,44,177762
MSpa:52,MSpa,52,2831,-22169,-5207,-5207,2831,52.0,418,244,48,245897
MSpa:53,MSpa,53,3062,-21938,-6044,-6044,3062,53.0,422,248,49,261293
MSpa:54,MSpa,54,3323,-21677,-6282,-6282,3323,52.0,418,246,50,335596
MSpa:55,MSpa,55,3573,-21427,-5995,-5995,3573,52.0,414,250,51,359134
MSpa:56,MSpa,56,4143,-20857,-6853,-6853,4143,50.0,408,250,51,395459
MSpa:57,MSpa,57,3628,-21372,-8093,-8093,3628,50.0,406,258,51,447629
MSpa:58,MSpa,58,4039,-20961,-9008,-9008,4039,49.8,408,264,51,465755
MSpa:59,MSpa,59,3648,-21352,-8943,-8943,3648,49.1,399,259,50,499084
MSpa:60,MSpa,60,3456,-21544,-6356,-6356,3456,49.6,394,260,45,381325
MSpp:48,MSpp,48,9824,-15176,-208,-208,9824,46.1,344,258,23,18624
MSpp:49,MSpp,49,3432,-21568,-269,-269,3432,51.1,328,253,24,22361
MSpp:50,MSpp,50,6426,-18574,-813,-813,6426,52.4,322,260,38,71317
MSpp:51,MSpp,51,4578,-20422,-4307,-4307,4578,52.1,312,265,42,137809
MSpp:52,MSpp,52,4534,-20466,-4871,-4871,4534,53.9,302,270,46,202507
MSpp:53,MSpp,53,3550,-21450,-7094,-7094,3550,55.0,300,278,49,240317
MSpp:54,MSpp,54,5256,-19744,-6194,-6194,5256,54.0,300,286,50,294666
MSpp:55,MSpp,55,4760,-20240,-7801,-7853,4760,53.0,302,290,51,335448
MSpp:56,MSpp,56,4218,-20782,-6754,-6762,4218,54.0,302,292,51,351215
MSpp:57,MSpp,57,4071,-20929,-7835,-7835,4071,54.0,304,294,51,402203
MSpp:58,MSpp,58,2892,-22108,-10288,-10288,2892,53.0,300,302,49,401658
MSpp:59,MSpp,59,3137,-21863,-9780,-9780,3137,52.2,298,308,48,441115
MSpp:60,MSpp,60,3853,-21147,-8940,-8940,3853,52.3,288,314,45,380546
E:19,E,19,6985,-18015,1001,995,6985,40.4,310,170,30,37130
E:20,E,20,6313,-18687,1234,1234,6313,38.0,286,160,33,47752
E:21,E,21,5387,-19613,-984,-984,5387,35.3,274,153,42,83219
E:22,E,22,5573,-19427,-3122,-3122,5573,36.0,262,154,51,196033
E:23,E,23,5324,-19676,-904,-904,5324,38.0,250,166,52,289876
E:24,E,24,7149,-17851,-2746,-2746,7149,38.0,226,176,53,328849
E:25,E,25,6876,-18124,-6189,-6189,6876,38.0,222,168,55,417850
E:26,E,26,6706,-18294,-5241,-5241,6706,39.0,222,178,58,532902
E:27,E,27,7534,-17466,-5129,-5129,7534,38.0,226,174,57,492751
E:28,E,28,7332,-17668,-3342,-3342,7332,33.8,209,157,58,641285
E:29,E,29,6550,-18450,-717,-717,6550,33.8,214,156,52,488817
E:30,E,30,6082,-18918,649,649,6082,37.6,217,166,49,354941
E:31,E,31,7372,-17628,563,563,7372,36.3,216,178,50,378536
E:32,E,32,6320,-18680,-17,-17,6320,37.1,216,188,24,41429
E:33,E,33,4726,-20274,449,449,4726,40.7,212,170,54,115242
Ea:34,Ea,34,3717,-21283,-321,-321,3717,41.3,246,146,23,18498
Ea:35,Ea,35,3742,-21258,-1060,-1060,3742,43.2,256,141,35,43758
Ea:36,Ea,36,3859,-21141,-3608,-3608,3859,43.0,268,141,47,116708
Ea:37,Ea,37,5936,-19064,-6585,-6585,5936,43.3,284,150,49,187506
Ea:38,Ea,38,5129,-19871,-6510,-6510,5129,45.2,286,140,52,245544
Ea:39,Ea,39,4287,-20713,-5715,-5715,4287,48.0,270,140,53,250458
Ea:40,Ea,40,3370,-21630,-4982,-4982,3370,49.0,276,146,49,225814
Ea:41,Ea,41,4216,-20784,-4459,-4459,4216,50.0,290,150,49,227990
Ea:42,Ea,42,3679,-21321,-2853,-2853,3679,49.8,302,157,45,194070
Ea:43,Ea,43,4148,-20852,-2636,-2636,4148,48.3,300,160,45,199848
Ea:44,Ea,44,3780,-21220,-2390,-2390,3780,48.4,299,152,46,248094
Ea:45,Ea,45,3351,-21649,-2106,-2106,3351,48.1,298,152,47,277455
Ea:46,Ea,46,2977,-22023,-3072,-3072,2977,47.2,300,148,49,319963
Ea:47,Ea,47,3976,-21024,-3879,-3879,3976,46.3,304,149,50,391379
Ea:48,Ea,48,3404,-21596,-3746,-3746,3404,47.2,312,148,51,413675
Ea:49,Ea,49,4507,-20493,-3166,-3166,4507,46.3,314,146,52,459758
Ea:50,Ea,50,3749,-21251,-2587,-2587,3749,47.0,305,162,52,491902
Ea:51,Ea,51,4423,-20577,-3099,-3099,4423,46.2,304,172,52,517403
Ea:52,Ea,52,4372,-20628,-2761,-2761,4372,46.2,306,178,52,542455
Ea:53,Ea,53,3998,-21002,-2844,-2844,3998,47.1,313,184,53,556143
Ea:54,Ea,54,3772,-21228,-3527,-3527,3772,47.7,311,192,56,657501
Ea:55,Ea,55,4878,-20122,-3995,-3995,4878,46.3,307,194,57,725974
Ea:56,Ea,56,5605,-19395,-3204,-3204,5605,46.6,308,192,57,757965
Ea:57,Ea,57,6007,-18993,-3720,-3720,6007,47.2,308,200,57,732473
Ea:58,Ea,58,6917,-18083,-3085,-3085,6917,45.9,312,204,53,671448
Ea:59,Ea,59,5516,-19484,-1268,-1268,5516,46.3,310,218,50,500595
Ea:60,Ea,60,6170,-18830,-1447,-1447,6170,43.0,312,218,41,146542
Ep:34,Ep,34,4351,-20649,136,136,4351,40.3,187,175,23,23635
Ep:35,Ep,35,4252,-20748,-1590,-1590,4252,40.0,183,175,35,48467
Ep:36,Ep,36,4731,-20269,-5748,-5748,4731,40.2,179,172,45,114687
Ep:37,Ep,37,5698,-19302,-7610,-7609,5698,40.0,176,180,53,213564
Ep:38,Ep,38,6408,-18592,-7720,-7720,6408,41.1,178,183,50,242278
Ep:39,Ep,39,7653,-17347,-7994,-8023,7653,42.0,182,178,53,290291
Ep:40,Ep,40,8846,-16154,-6922,-6922,8846,42.0,190,176,49,274177
Ep:41,Ep,41,4612,-20388,-7750,-7750,4612,46.0,192,192,49,251984
Ep:42,Ep,42,2770,-22230,-6577,-6578,2770,46.4,190,204,47,236669
Ep:43,Ep,43,3193,-21807,-5146,-5146,3193,46.0,196,205,45,205412
Ep:44,Ep,44,2928,-22072,-6035,-6035,2928,45.5,196,198,46,250515
Ep:45,Ep,45,3297,-21703,-4725,-4725,3297,46.2,195,200,47,259622
Ep:46,Ep,46,3063,-21937,-5980,-5980,3063,44.4,202,192,49,328132
Ep:47,Ep,47,3666,-21334,-5362,-5362,3666,43.1,200,203,50,375408
Ep:48,Ep,48,3585,-21415,-3843,-3842,3585,44.1,204,206,51,412006
Ep:49,Ep,49,3698,-21302,-4524,-4524,3698,44.4,206,204,52,468865
Ep:50,Ep,50,4502,-20498,-3586,-3586,4502,42.2,200,206,52,532223
Ep:51,Ep,51,4428,-20572,-3490,-3490,4428,41.1,200,204,52,567543
Ep:52,Ep,52,4344,-20656,-3893,-3893,4344,42.0,204,211,52,564029
Ep:53,Ep,53,4545,-20455,-4056,-4056,4545,41.2,201,210,53,606920
Ep:54,Ep,54,4444,-20556,-5806,-5806,4444,42.5,206,212,56,683102
Ep:55,Ep,55,4992,-20008,-5864,-5844,4992,41.3,196,216,57,755621
Ep:56,Ep,56,4963,-20037,-5953,-5943,4963,41.3,200,211,57,772470
Ep:57,Ep,57,5996,-19004,-6093,-6049,5996,39.3,191,211,57,871591
Ep:58,Ep,58,6449,-18551,-3269,-3139,6449,38.3,193,213,53,733355
Ep:59,Ep,59,12223,-12777,-1443,-1276,12223,33.0,190,230,46,356886
Ep:60,Ep,60,8498,-16502,-977,-977,8498,35.3,190,228,45,484308
P2:7,P2,7,8302,-16698,2346,2346,8302,30.6,187,207,32,50295
P2:8,P2,8,8113,-16887,1467,1467,8113,31.1,179,206,36,47015
P2:9,P2,9,7955,-17045,2232,2232,7955,31.5,170,222,53,173229
P2:10,P2,10,7517,-17483,1830,1830,7517,29.0,142,228,56,335740
P2:11,P2,11,9427,-15573,2508,2508,9427,29.0,124,226,58,563144
P2:12,P2,12,9605,-15395,-1652,-1652,9605,29.0,114,226,63,794508
P2:13,P2,13,9578,-15422,-1859,-1859,9578,27.0,118,264,64,940968
P2:14,P2,14,8479,-16521,-203,-203,8479,28.0,128,274,66,1012642
P2:15,P2,15,7918,-17082,1223,1223,7918,27.5,135,280,65,903199
P2:16,P2,16,7731,-17269,-1586,-1586,7731,26.8,165,276,65,921552
P2:17,P2,17,8120,-16880,-873,-873,8120,28.2,152,237,67,1008461
P2:18,P2,18,7626,-17374,-1878,-1878,7626,29.3,166,203,66,1015290
P2:19,P2,19,9301,-15699,-731,-731,9301,28.8,176,197,60,778606
P2:20,P2,20,8747,-16253,-1732,-1732,8747,29.0,170,216,55,136521
P2:21,P2,21,7652,-17348,1211,1211,7652,31.3,172,241,44,189725
C:22,C,22,5910,-19090,-311,-311,5910,26.7,167,270,35,53252
C:23,C,23,6493,-18507,107,107,6493,26.4,172,268,44,59613
C:24,C,24,6452,-18548,-892,-892,6452,24.2,175,264,49,127862
C:25,C,25,5823,-19177,-2580,-2580,5823,21.0,172,262,55,194660
C:26,C,26,6017,-18983,-4261,-4261,6017,19.0,182,260,58,276676
C:27,C,27,7166,-17834,-3437,-3437,7166,17.0,190,256,57,289985
C:28,C,28,7401,-17599,-2156,-2156,7401,16.7,181,303,54,316685
C:29,C,29,6302,-18698,-2080,-2080,6302,17.0,180,316,52,276379
C:30,C,30,6688,-18312,-1747,-1747,6688,17.2,176,314,49,247338
C:31,C,31,7041,-17959,-1026,-1026,7041,19.1,194,318,50,289662
C:32,C,32,5981,-19019,-419,-419,5981,20.5,212,312,52,327803
C:33,C,33,4954,-20046,-503,-503,4954,29.1,218,312,58,363350
C:34,C,34,6347,-18653,819,819,6347,31.1,226,302,33,18817
C:35,C,35,6073,-18927,1276,1276,6073,31.1,233,311,33,45474
Ca:36,Ca,36,4667,-20333,153,153,4667,30.0,260,294,34,0
Ca:37,Ca,37,4760,-20240,-399,-399,4760,28.8,263,287,33,0
Ca:38,Ca,38,4326,-20674,-1007,-1007,4326,27.5,267,280,32,14132
Ca:39,Ca,39,5563,-19437,-1659,-1659,5563,27.4,280,283,43,42210
Ca:40,Ca,40,5295,-19705,-2358,-2358,5295,27.0,286,274,49,82821
Ca:41,Ca,41,4722,-20278,-1774,-1774,4722,28.8,276,264,47,81975
Ca:42,Ca,42,4158,-20842,-1285,-1285,4158,28.0,268,268,43,80364
Ca:43,Ca,43,3516,-21484,-1808,-1808,3516,28.1,270,263,45,66490
Ca:44,Ca,44,3335,-21665,-1387,-1387,3335,28.2,268,274,46,81059
Ca:45,Ca,45,3294,-21706,-2355,-2355,3294,28.1,274,276,47,88394
Ca:46,Ca,46,4013,-20987,-3145,-3145,4013,26.2,277,286,49,78443
Ca:47,Ca,47,4483,-20517,-2136,-2136,4483,28.1,270,288,50,105063
Ca:48,Ca,48,3902,-21098,-2542,-2542,3902,28.4,272,288,51,113502
Ca:49,Ca,49,5012,-19988,-2166,-2166,5012,29.8,275,283,50,161297
Ca:50,Ca,50,5611,-19389,-1225,-1225,5611,29.1,277,296,52,188810
Ca:51,Ca,51,5629,-19371,273,273,5629,29.2,281,300,34,24206
Ca:52,Ca,52,6096,-18904,1127,1127,6096,29.1,285,289,20,19946
Caa:53,Caa,53,3976,-21024,-928,-928,3976,29.2,307,299,25,15436
Caa:54,Caa,54,4625,-20375,-1226,-1226,4625,28.3,302,303,32,32328
Caa:55,Caa,55,4532,-20468,-6091,-6091,4532,28.0,297,302,41,77231
Caa:56,Caa,56,4333,-20667,-8332,-8332,4333,27.3,298,300,41,105397
Caa:57,Caa,57,6574,-18426,-9178,-9178,6574,26.2,302,295,43,145710
Caa:58,Caa,58,5965,-19035,-10452,-10452,5965,25.8,296,292,47,200972
Caa:59,Caa,59,5912,-19088,-6612,-6612,5912,24.8,298,306,44,185205
Caa:60,Caa,60,7298,-17702,-5160,-5160,7298,24.7,303,310,43,176672
Cap:53,Cap,53,5240,-19760,1157,1157,5240,30.0,260,267,23,13954
Cap:54,Cap,54,5148,-19852,-1789,-1789,5148,26.4,243,262,32,20761
Cap:55,Cap,55,4739,-20261,-3440,-3440,4739,26.0,225,264,39,60971
Cap:56,Cap,56,5263,-19737,-5616,-5616,5263,26.1,212,254,45,120317
Cap:57,Cap,57,8478,-16522,-4608,-4608,8478,24.1,203,240,45,194546
Cap:58,Cap,58,9644,-15356,-4154,-4159,9644,24.1,196,234,45,234779
Cap:59,Cap,59,10543,-14457,-2604,-2100,10543,23.0,192,246,46,256340
Cap:60,Cap,60,11006,-13994,-2700,-2700,11006,22.1,196,266,43,194049
Cp:36,Cp,36,4532,-20468,525,525,4532,30.3,198,308,23,8485
Cp:37,Cp,37,4992,-20008,581,581,4992,31.0,189,307,33,15354
Cp:38,Cp,38,5363,-19637,-4477,-4477,5363,30.2,184,310,44,51055
Cp:39,Cp,39,6945,-18055,-5340,-5340,6945,29.2,170,312,49,109488
Cp:40,Cp,40,6530,-18470,-7462,-7462,6530,29.0,162,314,49,146735
Cp:41,Cp,41,6760,-18240,-5429,-5429,6760,29.0,158,316,49,196390
Cp:42,Cp,42,6287,-18713,-4397,-4397,6287,28.5,160,304,47,177456
Cp:43,Cp,43,4891,-20109,-4313,-4313,4891,29.2,157,306,45,183576
Cp:44,Cp,44,6712,-18288,-4324,-4324,6712,31.8,158,304,46,229434
Cp:45,Cp,45,5076,-19924,-4265,-4265,5076,30.3,158,306,47,254176
Cp:46,Cp,46,5340,-19660,-2814,-2814,5340,32.2,152,310,49,284666
Cp:47,Cp,47,5438,-19562,-653,-653,5438,31.0,149,307,48,285765
Cp:48,Cp,48,4993,-20007,-869,-869,4993,31.3,147,302,51,316774
Cp:49,Cp,49,5302,-19698,171,171,5302,31.7,150,308,50,315197
Cp:50,Cp,50,5205,-19795,-893,-893,5205,30.3,154,312,52,330872
Cp:51,Cp,51,5856,-19144,276,276,5856,33.0,152,310,48,278588
Cp:52,Cp,52,5059,-19941,-11,-11,5059,31.0,154,312,48,141695
Cpa:53,Cpa,53,4376,-20624,-687,-750,4376,29.2,160,321,31,45916
Cpa:54,Cpa,54,4884,-20116,302,302,4884,29.1,159,332,32,36914
Cpa:55,Cpa,55,4558,-20442,-944,-944,4558,28.3,151,339,41,90028
Cpa:56,Cpa,56,4529,-20471,-2639,-2639,4529,26.3,149,338,45,167456
Cpa:57,Cpa,57,5711,-19289,-2648,-2648,5711,25.9,146,345,49,283619
Cpa:58,Cpa,58,6350,-18650,-3592,-3592,6350,25.0,142,340,49,355107
Cpa:59,Cpa,59,6581,-18419,-2510,-2510,6581,27.0,142,334,46,345063
Cpa:60,Cpa,60,6341,-18659,-2181,-2181,6341,26.3,138,330,45,322648
Cpp:53,Cpp,53,4775,-20225,101,152,4775,31.3,147,292,33,33807
Cpp:54,Cpp,54,3688,-21312,-1489,-1489,3688,32.4,125,273,32,31153
Cpp:55,Cpp,55,4719,-20281,-3203,-3203,4719,30.0,116,270,39,73818
Cpp:56,Cpp,56,5351,-19649,-8623,-8623,5351,29.3,108,260,47,185096
Cpp:57,Cpp,57,5837,-19163,-8125,-8125,5837,29.2,98,248,47,266451
Cpp:58,Cpp,58,7137,-17863,-6667,-6667,7137,30.0,84,234,49,371189
Cpp:59,Cpp,59,5911,-19089,-7210,-7210,5911,31.0,86,238,46,345650
Cpp:60,Cpp,60,6693,-18307,-6448,-6448,6693,31.2,78,238,45,356002
P3:22,P3,22,7658,-17342,902,902,7658,28.8,143,201,33,60448
P3:23,P3,23,7388,-17612,-4659,-4659,7388,31.3,140,185,44,92133
P3:24,P3,24,7418,-17582,-6417,-6417,7418,33.3,142,168,49,200546
P3:25,P3,25,6988,-18012,-6564,-6562,6988,36.0,138,160,55,377031
P3:26,P3,26,8049,-16951,-2098,-2098,8049,33.1,130,150,56,550181
P3:27,P3,27,7336,-17664,-4065,-4065,7336,32.0,134,154,57,599354
P3:28,P3,28,7846,-17154,-4565,-4565,7846,25.0,124,170,52,538728
P3:29,P3,29,7609,-17391,-4243,-4243,7609,25.0,122,174,48,484980
P3:30,P3,30,7342,-17658,-4401,-4401,7342,28.3,115,179,49,469055
P3:31,P3,31,7902,-17098,-4929,-4929,7902,26.1,110,200,50,560924
P3:32,P3,32,6798,-18202,-5595,-5595,6798,26.1,108,222,52,662666
P3:33,P3,33,6161,-18839,-5412,-5412,6161,32.0,110,226,52,490500
P3:34,P3,34,6294,-18706,-5730,-5730,6294,32.1,104,234,55,540993
P3:35,P3,35,5658,-19342,-4879,-4879,5658,32.0,116,242,55,472603
P3:36,P3,36,6964,-18036,-4512,-4512,6964,33.0,120,228,55,431187
P3:37,P3,37,6651,-18349,-4628,-4582,6651,33.1,114,221,55,415680
P3:38,P3,38,6778,-18222,-560,-560,6778,33.3,110,210,42,118133
P3:39,P3,39,7244,-17756,-4250,-4169,7244,32.2,126,188,45,172331
D:40,D,40,4955,-20045,-925,-925,4955,30.2,116,227,31,60291
D:41,D,41,5755,-19245,398,398,5755,30.3,108,221,35,54312
D:42,D,42,5419,-19581,-3,-3,5419,30.3,108,213,37,60707
D:43,D,43,5164,-19836,-1468,-1468,5164,30.0,114,210,41,103293
D:44,D,44,5235,-19765,-882,-882,5235,28.0,106,214,42,139219
D:45,D,45,6004,-18996,-1225,-1225,6004,26.9,108,211,45,182946
D:46,D,46,5441,-19559,-2243,-2243,5441,29.0,100,214,45,218985
D:47,D,47,6281,-18719,-1812,-1812,6281,29.0,106,206,46,209634
D:48,D,48,5266,-19734,-3080,-3080,5266,31.0,106,198,47,228872
D:49,D,49,5093,-19907,-3655,-3655,5093,30.0,106,196,48,253214
D:50,D,50,5261,-19739,-3927,-3927,5261,29.0,110,200,48,238881
D:51,D,51,5227,-19773,-4179,-4179,5227,30.0,102,198,48,258459
D:52,D,52,5083,-19917,-3642,-3642,5083,30.0,112,192,48,265384
D:53,D,53,4790,-20210,-4975,-4975,4790,33.0,104,196,49,253830
D:54,D,54,5229,-19771,-8316,-8316,5229,34.0,108,184,50,291646
D:55,D,55,4991,-20009,-8842,-8842,4991,35.0,106,186,51,295703
D:56,D,56,5078,-19922,-9845,-9845,5078,36.0,106,186,51,280769
D:57,D,57,4923,-20077,-9859,-9859,4923,37.0,106,178,51,298328
D:58,D,58,4532,-20468,-10056,-10056,4532,37.9,114,168,51,283433
D:59,D,59,4637,-20363,-7235,-7235,4637,41.0,118,170,46,240504
D:60,D,60,4389,-20611,-7481,-7481,4389,40.3,116,170,45,223809
P4:40,P4,40,6816,-18184,-543,-543,6816,35.4,125,171,31,69792
P4:41,P4,41,5087,-19913,-2767,-2767,5087,41.3,131,160,35,67662
P4:42,P4,42,4856,-20144,-9147,-9147,4856,45.3,135,162,39,85464
P4:43,P4,43,5728,-19272,-8575,-8575,5728,46.0,142,156,41,110896
P4:44,P4,44,4638,-20362,-8317,-8317,4638,47.0,138,154,42,151063
P4:45,P4,45,4276,-20724,-9592,-9592,4276,45.0,138,150,43,170107
P4:46,P4,46,4919,-20081,-8488,-8488,4919,45.1,134,153,43,178923
P4:47,P4,47,5127,-19873,-10043,-10043,5127,46.1,142,154,44,197528
P4:48,P4,48,4940,-20060,-9259,-9259,4940,47.8,152,151,45,185020
P4:49,P4,49,5514,-19486,-9221,-9221,5514,47.5,150,151,44,179846
P4:50,P4,50,6143,-18857,-8978,-8978,6143,46.1,139,155,44,207264
P4:51,P4,51,6072,-18928,-10510,-10510,6072,45.0,140,153,46,242797
P4:52,P4,52,5664,-19336,-10119,-10119,5664,45.8,150,152,46,204761
P4:53,P4,53,5681,-19319,-9893,-9893,5681,46.2,148,153,47,213113
P4:54,P4,54,7966,-17034,-8063,-8063,7966,45.5,150,150,46,191311
P4:55,P4,55,6678,-18322,-8483,-8483,6678,47.2,154,152,47,207519
P4:56,P4,56,6849,-18151,-7471,-7471,6849,47.6,153,151,45,192975
P4:57,P4,57,6630,-18370,-7361,-7361,6630,48.5,158,151,45,183494
P4:58,P4,58,7308,-17692,-6074,-6074,7308,49.5,172,148,45,169175
P4:59,P4,59,5726,-19274,-6695,-6695,5726,51.0,186,148,46,159352
P4:60,P4,60,6642,-18358,-6199,-6199,6642,50.8,187,152,43,136627
