cell,time,z,x,y
AB,1,23.0,438,274
AB,2,22.0,436,280
AB,3,22.0,440,278
AB,4,23.8,443,275
AB,5,22.0,442,272
AB,6,22.0,442,270
AB,7,22.0,444,270
AB,8,23.7,448,268
AB,9,23.0,452,264
AB,10,23.0,454,266
AB,11,23.0,456,266
AB,12,26.0,458,260
AB,13,25.6,439,258
AB,14,25.1,454,264
AB,15,25.1,461,265
AB,16,24.3,462,266
AB,17,24.2,466,265
AB,18,24.4,462,261
AB,19,25.3,462,264
AB,20,24.3,461,264
ABa,21,24.0,464,262
ABa,22,24.0,462,254
ABa,23,24.4,478,248
ABa,24,24.3,476,244
ABa,25,25.0,476,244
ABa,26,25.0,482,246
ABa,27,25.0,482,242
ABa,28,26.0,484,248
ABa,29,26.0,484,260
ABa,30,26.0,486,270
ABa,31,26.0,482,276
ABa,32,27.0,478,270
ABa,33,26.0,478,270
ABa,34,26.1,476,268
ABa,35,26.2,477,270
ABa,36,26.2,478,260
ABa,37,26.2,482,260
ABa,38,25.7,479,259
ABa,39,26.0,484,260
ABa,40,26.0,486,262
ABa,41,25.5,486,262
ABa,42,25.0,492,265
ABa,43,25.0,494,266
ABa,44,24.5,497,264
ABa,45,24.6,502,263
ABa,46,23.9,502,264
ABa,47,23.5,503,266
ABa,48,23.6,504,267
ABa,49,24.0,508,265
ABa,50,23.4,508,265
ABa,51,23.5,507,266
ABa,52,23.4,513,268
ABa,53,24.1,518,266
ABa,54,24.1,519,263
ABa,55,24.4,518,264
ABa,56,24.7,523,264
ABa,57,25.2,527,262
ABa,58,26.1,532,259
ABa,59,26.2,532,256
ABa,60,25.7,535,255
ABa,61,25.4,539,254
ABa,62,24.8,545,253
ABa,63,24.1,544,255
ABa,64,24.1,543,254
ABa,65,23.7,541,254
ABa,66,24.1,541,250
ABa,67,24.6,543,253
ABa,68,24.2,534,256
ABa,69,24.6,537,260
ABa,70,24.5,536,270
ABa,71,24.5,534,269
ABa,72,24.6,530,269
ABa,73,24.2,533,270
ABa,74,24.3,535,275
ABa,75,24.2,536,274
ABa,76,24.6,536,270
ABa,77,24.7,529,278
ABa,78,24.5,530,276
ABa,79,24.3,530,277
ABa,80,24.4,526,285
ABa,81,24.4,524,290
ABa,82,24.0,522,292
ABa,83,24.6,514,290
ABa,84,24.0,510,304
ABa,85,24.3,510,302
ABa,86,24.5,516,305
ABa,87,24.7,517,306
ABa,88,24.8,514,301
ABa,89,24.2,516,302
ABa,90,24.9,520,297
ABa,91,24.5,518,290
ABa,92,24.4,510,312
ABal,93,23.0,509,296
ABal,94,22.0,519,295
ABal,95,21.0,514,296
ABal,96,21.0,522,278
ABal,97,20.6,534,272
ABal,98,21.1,539,272
ABal,99,21.4,536,264
ABal,100,21.3,541,261
ABal,101,22.1,544,262
ABal,102,22.2,548,263
ABal,103,23.2,549,258
ABal,104,24.0,554,258
ABal,105,25.1,552,258
ABal,106,25.0,550,256
ABal,107,26.0,548,256
ABal,108,26.0,548,254
ABal,109,25.9,548,252
ABal,110,25.8,551,256
ABal,111,26.3,552,256
ABal,112,26.0,558,252
ABal,113,26.1,561,254
ABal,114,26.2,566,256
ABal,115,26.0,570,254
ABal,116,26.0,574,252
ABal,117,25.0,578,248
ABal,118,25.0,580,244
ABal,119,25.0,582,244
ABal,120,24.6,588,239
ABal,121,24.9,590,233
ABal,122,24.1,592,238
ABal,123,23.4,597,240
ABal,124,22.4,600,239
ABal,125,22.5,602,246
ABal,126,22.1,605,248
ABal,127,22.1,605,246
ABal,128,21.4,604,247
ABal,129,21.2,607,248
ABal,130,20.8,602,250
ABal,131,20.7,605,249
ABal,132,21.6,603,248
ABal,133,21.2,605,251
ABal,134,20.9,605,253
ABal,135,20.5,607,253
ABal,136,20.8,606,249
ABal,137,20.4,608,244
ABal,138,20.7,608,243
ABal,139,21.4,608,242
ABal,140,21.8,607,240
ABal,141,22.4,604,232
ABal,142,22.5,603,235
ABal,143,22.3,602,234
ABal,144,22.4,597,238
ABal,145,22.2,596,238
ABal,146,21.8,592,243
ABal,147,21.7,591,242
ABal,148,21.8,591,243
ABal,149,22.1,593,243
ABal,150,22.2,591,243
ABal,151,22.5,590,242
ABal,152,22.7,592,243
ABal,153,22.5,593,248
ABal,154,22.8,591,249
ABal,155,23.1,591,253
ABal,156,22.7,594,259
ABal,157,22.3,592,261
ABal,158,22.5,594,260
ABal,159,22.6,594,262
ABal,160,24.0,590,262
ABal,161,24.0,590,262
ABal,162,24.6,592,256
ABal,163,23.0,586,260
ABal,164,23.2,590,264
ABal,165,23.0,588,264
ABal,166,22.1,584,256
ABal,167,22.5,582,253
ABal,168,22.2,584,254
ABal,169,22.2,572,273
ABal,170,22.3,574,282
ABala,171,22.0,575,287
ABala,172,23.0,574,295
ABala,173,22.0,572,296
ABala,174,24.1,565,318
ABala,175,25.1,564,321
ABala,176,25.4,568,322
ABala,177,26.0,572,322
ABala,178,25.0,574,322
ABala,179,26.0,574,324
ABala,180,25.0,576,328
ABala,181,26.0,578,326
ABala,182,27.0,576,326
ABala,183,26.0,578,324
ABala,184,26.0,580,324
ABala,185,27.0,574,324
ABala,186,27.0,574,322
ABala,187,27.0,574,324
ABala,188,28.0,576,326
ABala,189,28.0,576,326
ABala,190,28.0,574,330
ABala,191,28.0,576,332
ABala,192,28.0,576,332
ABala,193,28.0,578,332
ABala,194,27.9,583,330
ABala,195,28.0,582,334
ABala,196,28.0,584,334
ABala,197,27.7,586,336
ABala,198,28.0,584,336
ABala,199,28.0,586,334
ABala,200,28.0,584,334
ABala,201,29.0,584,336
ABala,202,29.0,586,336
ABala,203,30.0,584,336
ABala,204,29.0,586,338
ABala,205,30.0,586,342
ABala,206,29.0,580,348
ABala,207,29.7,579,348
ABala,208,29.6,580,348
ABala,209,30.0,580,348
ABala,210,29.0,580,350
ABala,211,29.3,585,346
ABala,212,29.1,584,344
ABala,213,29.1,586,346
ABala,214,29.0,591,340
ABala,215,29.1,589,338
ABala,216,28.8,586,336
ABala,217,28.7,584,332
ABala,218,28.7,587,334
ABala,219,28.6,589,334
ABala,220,29.2,587,334
ABala,221,28.9,586,336
ABala,222,28.8,586,335
ABala,223,28.5,588,334
ABala,224,28.2,589,330
ABala,225,28.2,592,326
ABala,226,28.8,589,324
ABala,227,28.3,589,322
ABala,228,28.6,589,323
ABala,229,29.0,590,322
ABala,230,29.2,592,324
ABala,231,29.0,592,326
ABala,232,28.7,592,329
ABala,233,28.6,591,328
ABala,234,28.6,594,325
ABala,235,28.7,588,327
ABala,236,28.5,588,323
ABala,237,28.3,584,321
ABala,238,27.6,587,317
ABala,239,27.6,587,318
ABala,240,27.6,588,316
ABala,241,27.6,589,314
ABala,242,27.4,589,314
ABala,243,27.5,588,315
ABala,244,27.1,588,318
ABala,245,26.3,586,320
ABala,246,26.3,588,320
ABala,247,26.1,589,319
ABala,248,26.1,588,322
ABala,249,26.1,586,323
ABala,250,25.5,584,324
ABala,251,25.1,588,319
ABala,252,25.7,583,320
ABala,253,24.3,590,320
ABala,254,24.2,587,328
ABala,255,24.9,583,335
ABala,256,25.3,580,336
ABala,257,25.1,573,337
ABala,258,25.0,568,340
ABala,259,26.0,566,340
ABala,260,25.0,568,338
ABalp,171,22.0,573,269
ABalp,172,24.0,576,267
ABalp,173,24.0,587,259
ABalp,174,25.0,572,269
ABalp,175,25.3,572,268
ABalp,176,26.3,574,265
ABalp,177,26.0,576,260
ABalp,178,25.0,582,256
ABalp,179,25.0,582,256
ABalp,180,25.0,584,258
ABalp,181,25.0,586,252
ABalp,182,25.0,586,252
ABalp,183,25.0,582,248
ABalp,184,25.0,580,244
ABalp,185,26.0,580,246
ABalp,186,26.0,576,242
ABalp,187,26.0,574,240
ABalp,188,26.0,576,240
ABalp,189,26.0,574,238
ABalp,190,26.0,572,238
ABalp,191,26.0,570,234
ABalp,192,26.0,570,230
ABalp,193,27.0,568,228
ABalp,194,26.0,568,222
ABalp,195,27.0,568,222
ABalp,196,26.7,565,217
ABalp,197,26.1,568,218
ABalp,198,26.0,568,218
ABalp,199,26.0,570,216
ABalp,200,27.0,572,214
ABalp,201,26.4,573,214
ABalp,202,26.6,573,215
ABalp,203,27.0,572,214
ABalp,204,26.0,574,218
ABalp,205,27.0,576,226
ABalp,206,27.0,580,228
ABalp,207,26.1,580,228
ABalp,208,26.1,582,230
ABalp,209,26.0,581,230
ABalp,210,25.9,579,230
ABalp,211,25.7,579,230
ABalp,212,25.0,576,226
ABalp,213,24.8,576,224
ABalp,214,24.0,572,220
ABalp,215,24.0,576,218
ABalp,216,23.8,576,216
ABalp,217,24.1,578,212
ABalp,218,24.0,576,214
ABalp,219,23.8,577,210
ABalp,220,23.2,579,210
ABalp,221,23.0,579,210
ABalp,222,22.2,581,211
ABalp,223,22.9,580,210
ABalp,224,22.8,579,207
ABalp,225,22.0,576,204
ABalp,226,22.1,577,201
ABalp,227,22.1,577,197
ABalp,228,22.0,578,192
ABalp,229,22.0,580,192
ABalp,230,22.3,579,190
ABalp,231,23.1,579,191
ABalp,232,22.9,582,191
ABalp,233,23.0,578,188
ABalp,234,23.1,579,189
ABalp,235,23.4,577,188
ABalp,236,23.6,573,189
ABalp,237,23.7,571,189
ABalp,238,23.4,571,188
ABalp,239,23.9,572,190
ABalp,240,24.1,568,189
ABalp,241,24.4,565,190
ABalp,242,24.5,566,192
ABalp,243,24.0,566,192
ABalp,244,24.6,571,195
ABalp,245,24.8,570,199
ABalp,246,24.5,570,200
ABalp,247,24.4,570,200
ABalp,248,24.5,575,202
ABalp,249,25.1,572,204
ABalp,250,25.2,576,207
ABalp,251,26.0,576,204
ABalp,252,26.2,572,202
ABalp,253,25.5,579,204
ABalp,254,26.0,580,206
ABalp,255,26.0,582,206
ABalp,256,25.8,582,211
ABalp,257,26.0,580,212
ABalp,258,26.0,576,216
ABalp,259,26.0,574,214
ABalp,260,25.0,582,216
ABar,93,27.0,508,308
ABar,94,26.7,513,298
ABar,95,28.5,507,314
ABar,96,27.1,506,305
ABar,97,27.3,510,310
ABar,98,27.4,508,314
ABar,99,27.2,507,318
ABar,100,27.1,508,319
ABar,101,26.3,512,326
ABar,102,26.1,514,331
ABar,103,26.2,514,331
ABar,104,27.0,514,330
ABar,105,27.0,512,334
ABar,106,27.0,506,334
ABar,107,27.0,508,336
ABar,108,27.0,504,338
ABar,109,27.5,503,339
ABar,110,28.0,500,342
ABar,111,28.0,498,344
ABar,112,29.0,496,346
ABar,113,29.0,496,348
ABar,114,30.0,494,350
ABar,115,30.0,494,352
ABar,116,31.0,492,352
ABar,117,31.0,492,354
ABar,118,32.0,490,358
ABar,119,31.6,490,356
ABar,120,31.7,491,359
ABar,121,31.7,494,358
ABar,122,31.8,490,362
ABar,123,31.4,488,366
ABar,124,31.2,486,369
ABar,125,30.7,486,374
ABar,126,30.4,480,378
ABar,127,30.5,481,378
ABar,128,30.6,476,380
ABar,129,30.6,475,378
ABar,130,30.3,474,383
ABar,131,29.5,468,388
ABar,132,29.2,466,392
ABar,133,28.5,460,392
ABar,134,28.1,465,395
ABar,135,27.7,465,397
ABar,136,27.5,460,400
ABar,137,27.2,464,399
ABar,138,25.6,463,401
ABar,139,24.7,460,405
ABar,140,24.7,461,405
ABar,141,24.6,467,403
ABar,142,24.3,462,403
ABar,143,24.3,455,404
ABar,144,24.2,460,403
ABar,145,24.2,454,399
ABar,146,24.2,452,401
ABar,147,24.2,455,400
ABar,148,23.7,454,401
ABar,149,23.7,456,401
ABar,150,23.6,456,401
ABar,151,23.6,453,403
ABar,152,24.3,453,395
ABar,153,23.1,450,401
ABar,154,24.1,449,394
ABar,155,23.4,448,396
ABar,156,23.4,450,396
ABar,157,23.1,446,396
ABar,158,23.1,442,396
ABar,159,23.3,443,394
ABar,160,24.1,438,393
ABar,161,23.6,436,395
ABar,162,23.0,430,392
ABar,163,22.2,432,388
ABar,164,22.7,432,390
ABar,165,24.0,420,388
ABar,166,24.0,414,392
ABar,167,24.6,404,386
ABar,168,25.9,396,376
ABar,169,25.0,394,375
ABar,170,25.6,393,372
ABar,171,24.6,394,378
ABara,172,27.0,405,370
ABara,173,27.0,410,375
ABara,174,29.0,414,374
ABara,175,29.3,403,372
ABara,176,29.2,395,368
ABara,177,29.6,399,369
ABara,178,30.0,400,370
ABara,179,30.0,398,368
ABara,180,31.0,394,370
ABara,181,31.0,390,374
ABara,182,31.0,388,378
ABara,183,30.0,388,378
ABara,184,30.0,392,380
ABara,185,30.0,388,380
ABara,186,30.0,390,382
ABara,187,30.0,392,384
ABara,188,30.1,394,384
ABara,189,30.0,395,382
ABara,190,30.0,394,384
ABara,191,30.0,398,382
ABara,192,31.0,396,384
ABara,193,31.0,398,384
ABara,194,31.0,404,388
ABara,195,31.0,402,390
ABara,196,32.0,406,386
ABara,197,31.6,408,389
ABara,198,31.9,409,390
ABara,199,31.7,414,392
ABara,200,31.9,420,391
ABara,201,31.9,418,394
ABara,202,32.0,420,396
ABara,203,32.0,422,394
ABara,204,32.0,424,396
ABara,205,32.2,422,398
ABara,206,32.0,424,398
ABara,207,31.9,420,398
ABara,208,31.8,419,396
ABara,209,31.7,424,397
ABara,210,31.7,434,398
ABara,211,31.4,438,398
ABara,212,31.5,442,398
ABara,213,31.3,440,396
ABara,214,31.4,442,397
ABara,215,31.6,444,392
ABara,216,31.7,447,392
ABara,217,31.3,446,392
ABara,218,31.1,448,391
ABara,219,31.2,448,392
ABara,220,31.3,444,390
ABara,221,31.5,444,390
ABara,222,31.7,446,387
ABara,223,31.8,443,390
ABara,224,32.3,444,390
ABara,225,32.1,444,390
ABara,226,32.0,442,389
ABara,227,32.2,440,388
ABara,228,31.8,442,392
ABara,229,32.0,440,396
ABara,230,31.6,440,396
ABara,231,31.7,442,396
ABara,232,31.9,442,396
ABara,233,32.0,438,397
ABara,234,31.4,438,396
ABara,235,31.5,438,399
ABara,236,31.5,440,397
ABara,237,31.3,442,400
ABara,238,31.2,446,400
ABara,239,31.5,444,398
ABara,240,31.5,446,392
ABara,241,31.4,447,395
ABara,242,31.3,448,395
ABara,243,31.2,444,393
ABara,244,31.3,444,395
ABara,245,31.0,444,392
ABara,246,31.0,446,394
ABara,247,31.0,442,394
ABara,248,31.0,440,398
ABara,249,31.0,440,398
ABara,250,31.0,438,400
ABara,251,30.1,438,402
ABara,252,31.1,440,398
ABara,253,30.3,434,391
ABara,254,30.1,437,399
ABara,255,30.1,437,381
ABara,256,30.1,432,383
ABara,257,30.1,418,372
ABara,258,30.0,429,378
ABaraa,259,30.1,446,382
ABaraa,260,29.0,448,386
ABarap,259,30.0,422,378
ABarap,260,30.0,413,378
ABarp,172,23.0,388,379
ABarp,173,22.0,394,382
ABarp,174,22.0,390,387
ABarp,175,21.6,379,379
ABarp,176,21.4,366,380
ABarp,177,21.3,366,378
ABarp,178,21.4,364,382
ABarp,179,22.0,356,378
ABarp,180,22.0,356,382
ABarp,181,21.0,352,380
ABarp,182,21.0,350,380
ABarp,183,21.3,348,379
ABarp,184,22.0,348,382
ABarp,185,21.0,344,376
ABarp,186,21.0,346,374
ABarp,187,21.2,348,371
ABarp,188,21.3,350,372
ABarp,189,21.0,348,368
ABarp,190,20.8,348,369
ABarp,191,21.0,348,366
ABarp,192,20.9,348,366
ABarp,193,21.0,348,364
ABarp,194,21.0,348,362
ABarp,195,21.0,350,364
ABarp,196,20.1,349,365
ABarp,197,19.8,346,362
ABarp,198,20.0,348,362
ABarp,199,19.0,348,364
ABarp,200,19.0,350,366
ABarp,201,18.0,346,368
ABarp,202,18.0,346,374
ABarp,203,18.0,344,376
ABarp,204,17.0,342,378
ABarp,205,17.0,340,384
ABarp,206,17.0,336,384
ABarp,207,17.1,338,386
ABarp,208,17.2,340,389
ABarp,209,17.8,343,388
ABarp,210,17.6,346,391
ABarp,211,17.7,348,394
ABarp,212,18.1,354,391
ABarp,213,18.3,356,393
ABarp,214,17.7,358,393
ABarp,215,17.7,364,393
ABarp,216,17.9,362,396
ABarp,217,17.5,359,391
ABarp,218,18.0,362,394
ABarp,219,17.5,364,387
ABarp,220,17.6,362,388
ABarp,221,17.6,362,389
ABarp,222,17.6,362,390
ABarp,223,18.0,360,390
ABarp,224,17.6,360,392
ABarp,225,17.1,366,393
ABarp,226,17.0,364,394
ABarp,227,17.1,366,396
ABarp,228,17.2,366,398
ABarp,229,17.2,365,397
ABarp,230,17.7,367,401
ABarp,231,17.7,365,401
ABarp,232,17.8,362,397
ABarp,233,17.6,363,394
ABarp,234,17.6,363,398
ABarp,235,17.5,361,398
ABarp,236,17.6,363,399
ABarp,237,17.4,364,399
ABarp,238,18.1,368,399
ABarp,239,17.5,367,399
ABarp,240,18.2,373,400
ABarp,241,18.4,376,399
ABarp,242,18.2,375,401
ABarp,243,17.7,376,400
ABarp,244,17.5,371,400
ABarp,245,18.2,372,400
ABarp,246,18.2,374,400
ABarp,247,18.1,372,401
ABarp,248,18.0,370,404
ABarp,249,18.2,370,408
ABarp,250,18.4,369,400
ABarp,251,18.0,367,395
ABarp,252,18.1,371,392
ABarp,253,19.0,370,391
ABarp,254,18.1,366,380
ABarp,255,20.0,363,378
ABarp,256,18.1,347,382
ABarp,257,18.1,361,384
ABarpa,258,20.0,370,382
ABarpa,259,19.1,369,392
ABarpa,260,18.1,377,392
ABarpp,258,19.0,356,373
ABarpp,259,17.1,339,374
ABarpp,260,17.1,332,378
ABp,21,24.0,459,280
ABp,22,25.0,457,282
ABp,23,26.0,463,288
ABp,24,25.0,460,293
ABp,25,26.0,454,300
ABp,26,25.0,456,306
ABp,27,25.0,456,310
ABp,28,25.0,444,312
ABp,29,25.0,436,322
ABp,30,25.0,424,326
ABp,31,25.0,414,330
ABp,32,25.0,408,326
ABp,33,25.0,404,328
ABp,34,24.0,404,327
ABp,35,24.9,402,330
ABp,36,24.3,404,332
ABp,37,25.2,404,335
ABp,38,25.7,394,335
ABp,39,26.2,390,334
ABp,40,26.2,388,334
ABp,41,26.7,384,334
ABp,42,27.1,380,335
ABp,43,27.0,378,336
ABp,44,26.8,377,336
ABp,45,27.0,374,340
ABp,46,27.2,367,342
ABp,47,27.1,364,346
ABp,48,27.5,358,350
ABp,49,28.4,358,350
ABp,50,28.3,358,354
ABp,51,28.3,354,358
ABp,52,28.4,355,360
ABp,53,28.8,354,360
ABp,54,28.6,348,360
ABp,55,29.2,351,366
ABp,56,29.2,346,366
ABp,57,28.8,346,368
ABp,58,28.4,347,378
ABp,59,28.2,346,378
ABp,60,27.7,345,384
ABp,61,27.3,346,382
ABp,62,26.7,348,374
ABp,63,26.5,343,374
ABp,64,26.1,348,370
ABp,65,25.4,354,359
ABp,66,24.6,356,351
ABp,67,24.7,359,344
ABp,68,23.4,354,342
ABp,69,22.0,354,338
ABp,70,23.4,347,338
ABp,71,24.1,342,336
ABp,72,25.0,336,336
ABp,73,24.6,331,338
ABp,74,25.0,333,345
ABp,75,24.7,331,340
ABp,76,24.9,327,336
ABp,77,25.0,328,334
ABp,78,25.0,328,330
ABp,79,25.0,330,330
ABp,80,25.0,326,334
ABp,81,24.9,320,332
ABp,82,25.0,320,332
ABp,83,25.0,320,330
ABp,84,25.0,320,330
ABp,85,24.7,318,324
ABp,86,24.9,316,330
ABp,87,24.7,317,334
ABp,88,24.4,318,326
ABp,89,24.3,315,331
ABp,90,24.1,314,328
ABp,91,24.5,312,333
ABp,92,24.5,314,335
ABp,93,24.1,312,329
ABpl,94,21.0,315,324
ABpl,95,21.0,326,325
ABpl,96,20.0,332,323
ABpl,97,19.0,329,314
ABpl,98,20.0,325,314
ABpl,99,19.5,320,310
ABpl,100,19.3,323,310
ABpl,101,18.5,317,311
ABpl,102,18.4,318,314
ABpl,103,18.2,321,312
ABpl,104,18.0,322,312
ABpl,105,18.0,322,312
ABpl,106,18.0,322,310
ABpl,107,18.0,328,308
ABpl,108,18.0,332,306
ABpl,109,18.2,332,302
ABpl,110,18.0,340,300
ABpl,111,18.0,340,302
ABpl,112,18.0,344,306
ABpl,113,18.0,342,304
ABpl,114,17.0,344,304
ABpl,115,17.0,342,304
ABpl,116,17.0,344,298
ABpl,117,17.0,348,296
ABpl,118,17.0,350,294
ABpl,119,17.0,354,292
ABpl,120,17.0,356,292
ABpl,121,17.3,354,293
ABpl,122,17.0,356,288
ABpl,123,17.0,356,286
ABpl,124,17.1,356,278
ABpl,125,17.4,358,278
ABpl,126,17.2,362,274
ABpl,127,17.3,363,269
ABpl,128,17.3,364,259
ABpl,129,17.4,366,253
ABpl,130,17.3,366,244
ABpl,131,17.2,369,236
ABpl,132,17.3,371,230
ABpl,133,17.0,372,224
ABpl,134,18.0,374,224
ABpl,135,18.0,378,222
ABpl,136,17.8,378,221
ABpl,137,18.0,378,220
ABpl,138,17.2,380,212
ABpl,139,18.1,385,212
ABpl,140,18.0,380,208
ABpl,141,18.0,377,208
ABpl,142,18.0,374,202
ABpl,143,18.3,378,200
ABpl,144,17.4,379,198
ABpl,145,17.5,376,204
ABpl,146,17.5,373,202
ABpl,147,18.0,373,202
ABpl,148,17.7,371,202
ABpl,149,17.7,372,200
ABpl,150,18.4,372,198
ABpl,151,18.3,372,196
ABpl,152,18.4,370,196
ABpl,153,18.2,370,197
ABpl,154,18.3,376,199
ABpl,155,18.3,375,197
ABpl,156,18.2,377,195
ABpl,157,18.2,373,194
ABpl,158,18.2,375,198
ABpl,159,19.0,380,195
ABpl,160,19.0,378,196
ABpl,161,18.0,378,195
ABpl,162,19.0,382,200
ABpl,163,18.5,382,202
ABpl,164,18.2,390,200
ABpl,165,19.1,390,202
ABpl,166,19.3,388,198
ABpl,167,19.1,392,203
ABpl,168,19.3,386,197
ABpl,169,19.2,380,191
ABpl,170,19.3,388,199
ABpl,171,19.4,397,196
ABpla,172,18.0,400,206
ABpla,173,18.0,411,212
ABpla,174,16.3,413,215
ABpla,175,17.1,415,218
ABpla,176,17.1,416,222
ABpla,177,17.2,423,228
ABpla,178,16.4,422,235
ABpla,179,16.1,428,237
ABpla,180,16.0,432,246
ABpla,181,16.0,438,244
ABpla,182,16.0,444,250
ABpla,183,16.0,444,256
ABpla,184,16.0,448,256
ABpla,185,16.0,450,256
ABpla,186,15.0,452,258
ABpla,187,15.0,454,258
ABpla,188,16.0,454,258
ABpla,189,15.0,454,258
ABpla,190,15.0,456,260
ABpla,191,15.0,458,264
ABpla,192,15.0,464,268
ABpla,193,15.0,470,270
ABpla,194,15.0,476,268
ABpla,195,16.0,480,266
ABpla,196,16.0,482,266
ABpla,197,15.8,480,271
ABpla,198,16.0,482,276
ABpla,199,16.1,483,273
ABpla,200,16.0,486,274
ABpla,201,16.0,490,278
ABpla,202,16.0,494,280
ABpla,203,17.0,490,280
ABpla,204,16.7,488,284
ABpla,205,16.0,490,290
ABpla,206,16.0,492,292
ABpla,207,16.2,492,294
ABpla,208,16.3,492,296
ABpla,209,16.5,492,293
ABpla,210,17.0,490,290
ABpla,211,16.3,492,292
ABpla,212,16.9,490,288
ABpla,213,16.4,489,287
ABpla,214,17.1,485,287
ABpla,215,16.6,485,284
ABpla,216,17.1,482,286
ABpla,217,17.1,483,285
ABpla,218,17.0,483,284
ABpla,219,17.0,488,287
ABpla,220,17.1,482,288
ABpla,221,17.1,482,292
ABpla,222,16.6,480,290
ABpla,223,17.0,482,293
ABpla,224,17.0,482,293
ABpla,225,16.6,488,294
ABpla,226,16.8,492,296
ABpla,227,16.3,496,297
ABpla,228,16.3,494,298
ABpla,229,17.0,496,294
ABpla,230,16.3,493,298
ABpla,231,16.0,488,296
ABpla,232,16.7,486,294
ABpla,233,16.8,486,292
ABpla,234,16.5,480,288
ABpla,235,16.5,483,288
ABpla,236,16.2,480,289
ABpla,237,16.3,474,284
ABpla,238,16.5,474,284
ABpla,239,16.6,467,279
ABpla,240,16.5,468,277
ABpla,241,16.5,471,278
ABpla,242,16.6,465,274
ABpla,243,16.5,466,272
ABpla,244,17.0,466,270
ABpla,245,17.0,465,270
ABpla,246,17.2,464,270
ABpla,247,17.3,466,268
ABpla,248,18.0,464,266
ABpla,249,16.1,472,254
ABpla,250,15.1,464,255
ABpla,251,17.1,459,262
ABpla,252,17.1,459,264
ABpla,253,17.1,464,259
ABpla,254,19.0,474,264
ABpla,255,18.0,466,260
ABpla,256,20.1,460,261
ABpla,257,18.0,458,262
ABpla,258,18.0,455,260
ABplaa,259,18.0,470,269
ABplaa,260,18.0,477,252
ABplap,259,19.0,446,266
ABplap,260,19.2,433,252
ABplp,172,20.0,387,185
ABplp,173,21.0,396,181
ABplp,174,20.5,396,178
ABplp,175,20.4,393,172
ABplp,176,21.1,392,174
ABplp,177,20.4,392,175
ABplp,178,19.5,393,175
ABplp,179,19.8,397,178
ABplp,180,19.0,400,180
ABplp,181,19.0,400,180
ABplp,182,19.0,404,184
ABplp,183,19.0,406,186
ABplp,184,18.0,402,190
ABplp,185,18.0,404,190
ABplp,186,17.0,400,192
ABplp,187,17.8,400,193
ABplp,188,18.0,396,192
ABplp,189,17.0,392,194
ABplp,190,17.0,390,194
ABplp,191,17.0,388,192
ABplp,192,17.0,388,192
ABplp,193,17.0,382,192
ABplp,194,17.0,380,190
ABplp,195,16.7,375,185
ABplp,196,16.2,370,184
ABplp,197,16.1,368,182
ABplp,198,16.1,363,179
ABplp,199,16.2,360,176
ABplp,200,16.0,360,174
ABplp,201,16.0,362,172
ABplp,202,16.0,360,168
ABplp,203,16.0,360,166
ABplp,204,17.0,364,162
ABplp,205,16.0,364,164
ABplp,206,16.0,364,162
ABplp,207,15.9,363,158
ABplp,208,16.0,360,161
ABplp,209,16.2,358,166
ABplp,210,15.7,356,164
ABplp,211,16.0,356,167
ABplp,212,16.2,352,168
ABplp,213,17.0,350,172
ABplp,214,16.6,346,169
ABplp,215,17.0,342,168
ABplp,216,16.5,336,165
ABplp,217,17.1,338,166
ABplp,218,17.1,334,165
ABplp,219,17.0,334,168
ABplp,220,17.0,334,172
ABplp,221,17.7,332,168
ABplp,222,17.3,328,167
ABplp,223,17.0,326,168
ABplp,224,17.0,330,170
ABplp,225,17.0,324,166
ABplp,226,17.0,324,170
ABplp,227,16.3,321,167
ABplp,228,17.0,322,168
ABplp,229,17.0,316,168
ABplp,230,16.9,313,166
ABplp,231,16.0,312,168
ABplp,232,16.0,314,164
ABplp,233,16.0,314,160
ABplp,234,16.4,321,157
ABplp,235,16.4,321,156
ABplp,236,16.7,321,157
ABplp,237,16.8,319,157
ABplp,238,16.8,318,155
ABplp,239,16.8,318,154
ABplp,240,16.9,317,156
ABplp,241,16.5,314,153
ABplp,242,16.9,315,155
ABplp,243,17.0,316,154
ABplp,244,16.8,318,152
ABplp,245,17.0,318,150
ABplp,246,16.9,322,150
ABplp,247,17.1,324,149
ABplp,248,17.1,324,148
ABplp,249,17.0,326,152
ABplp,250,18.0,326,154
ABplp,251,18.0,328,154
ABplp,252,14.1,327,158
ABplp,253,16.0,327,149
ABplp,254,17.1,329,152
ABplp,255,15.2,324,150
ABplp,256,17.1,333,147
ABplp,257,16.0,336,146
ABplp,258,18.0,327,150
ABplp,259,17.0,314,148
ABplp,260,18.0,332,148
ABpr,94,27.0,309,334
ABpr,95,28.0,314,326
ABpr,96,28.0,317,333
ABpr,97,27.0,309,336
ABpr,98,27.0,302,336
ABpr,99,27.5,296,339
ABpr,100,27.3,294,343
ABpr,101,26.8,290,347
ABpr,102,27.3,286,347
ABpr,103,26.6,284,350
ABpr,104,27.0,284,354
ABpr,105,27.0,282,354
ABpr,106,27.0,278,356
ABpr,107,26.0,278,354
ABpr,108,25.0,276,356
ABpr,109,25.0,272,356
ABpr,110,25.0,274,354
ABpr,111,25.0,270,355
ABpr,112,25.0,272,354
ABpr,113,25.7,268,357
ABpr,114,26.0,268,360
ABpr,115,26.0,268,362
ABpr,116,27.0,266,364
ABpr,117,27.0,270,366
ABpr,118,27.0,272,368
ABpr,119,28.0,272,370
ABpr,120,28.2,272,373
ABpr,121,28.5,273,376
ABpr,122,28.7,272,378
ABpr,123,28.9,276,376
ABpr,124,28.5,274,378
ABpr,125,28.5,272,380
ABpr,126,28.7,272,380
ABpr,127,29.3,276,380
ABpr,128,29.5,276,380
ABpr,129,29.7,282,376
ABpr,130,30.3,284,380
ABpr,131,30.6,285,373
ABpr,132,30.4,285,376
ABpr,133,30.5,280,374
ABpr,134,30.7,282,375
ABpr,135,30.5,284,370
ABpr,136,30.6,285,370
ABpr,137,30.7,284,370
ABpr,138,30.7,282,371
ABpr,139,30.6,280,375
ABpr,140,30.5,283,378
ABpr,141,29.7,280,384
ABpr,142,29.7,276,384
ABpr,143,29.6,272,386
ABpr,144,29.6,272,387
ABpr,145,29.6,269,385
ABpr,146,29.6,268,386
ABpr,147,29.4,271,387
ABpr,148,29.3,267,389
ABpr,149,28.7,266,395
ABpr,150,29.1,268,390
ABpr,151,29.3,272,388
ABpr,152,28.6,263,395
ABpr,153,28.5,257,392
ABpr,154,28.4,257,390
ABpr,155,29.2,255,386
ABpr,156,28.8,256,386
ABpr,157,28.4,255,386
ABpr,158,28.4,254,390
ABpr,159,28.4,253,385
ABpr,160,29.0,249,382
ABpr,161,29.3,248,382
ABpr,162,29.3,245,370
ABpr,163,29.0,242,370
ABpr,164,28.8,246,364
ABpr,165,28.0,246,358
ABpr,166,28.0,242,352
ABpr,167,27.2,242,351
ABpr,168,28.0,248,348
ABpr,169,27.0,250,339
ABpr,170,26.2,242,352
ABpra,171,28.0,236,361
ABpra,172,26.0,235,360
ABpra,173,26.0,243,355
ABpra,174,27.2,243,363
ABpra,175,27.2,235,365
ABpra,176,28.4,238,360
ABpra,177,29.3,234,357
ABpra,178,30.0,236,357
ABpra,179,30.0,242,350
ABpra,180,31.0,242,350
ABpra,181,30.0,242,350
ABpra,182,30.0,238,352
ABpra,183,30.0,238,352
ABpra,184,30.0,236,354
ABpra,185,30.0,234,356
ABpra,186,29.0,234,360
ABpra,187,30.0,236,362
ABpra,188,29.2,235,366
ABpra,189,29.1,232,366
ABpra,190,29.2,230,368
ABpra,191,29.0,230,368
ABpra,192,28.9,230,372
ABpra,193,29.0,230,376
ABpra,194,29.0,232,378
ABpra,195,29.1,232,383
ABpra,196,29.0,234,386
ABpra,197,29.2,238,390
ABpra,198,28.9,241,394
ABpra,199,29.6,244,399
ABpra,200,29.0,246,402
ABpra,201,29.0,241,403
ABpra,202,29.0,238,402
ABpra,203,29.0,240,404
ABpra,204,29.0,236,404
ABpra,205,29.0,228,402
ABpra,206,28.2,225,402
ABpra,207,28.2,225,402
ABpra,208,28.1,227,403
ABpra,209,28.1,228,405
ABpra,210,28.7,235,407
ABpra,211,28.2,238,409
ABpra,212,28.1,242,408
ABpra,213,28.3,249,408
ABpra,214,28.5,253,409
ABpra,215,28.5,259,410
ABpra,216,28.6,263,412
ABpra,217,28.4,259,411
ABpra,218,28.5,262,411
ABpra,219,28.7,263,410
ABpra,220,28.7,260,411
ABpra,221,28.4,264,412
ABpra,222,28.1,262,415
ABpra,223,28.2,256,413
ABpra,224,28.4,255,410
ABpra,225,28.3,260,413
ABpra,226,28.2,256,414
ABpra,227,28.1,256,414
ABpra,228,28.2,254,412
ABpra,229,28.3,253,412
ABpra,230,28.5,248,410
ABpra,231,28.6,249,404
ABpra,232,28.9,247,400
ABpra,233,28.4,248,400
ABpra,234,28.4,248,399
ABpra,235,28.3,246,398
ABpra,236,28.4,248,396
ABpra,237,28.3,247,397
ABpra,238,28.2,250,399
ABpra,239,27.7,250,398
ABpra,240,28.4,255,397
ABpra,241,28.3,254,399
ABpra,242,28.3,255,399
ABpra,243,28.1,251,397
ABpra,244,27.9,248,398
ABpra,245,28.3,250,399
ABpra,246,28.1,248,399
ABpra,247,28.4,247,397
ABpra,248,28.2,248,398
ABpra,249,28.0,244,400
ABpra,250,28.2,245,399
ABpra,251,29.0,244,400
ABpra,252,28.1,241,406
ABpra,253,27.0,244,398
ABpra,254,27.1,245,391
ABpra,255,26.1,251,382
ABpra,256,26.1,250,381
ABpra,257,24.1,253,380
ABpra,258,24.0,236,378
ABpra,259,26.0,241,390
ABpraa,260,26.0,256,397
ABprap,260,26.0,229,388
ABprp,171,28.0,239,339
ABprp,172,29.0,239,333
ABprp,173,29.0,241,320
ABprp,174,29.5,244,315
ABprp,175,30.2,240,312
ABprp,176,30.3,244,303
ABprp,177,30.4,240,294
ABprp,178,30.8,246,292
ABprp,179,30.0,248,282
ABprp,180,31.0,248,280
ABprp,181,30.0,250,276
ABprp,182,30.0,250,274
ABprp,183,30.0,252,274
ABprp,184,30.0,254,278
ABprp,185,30.0,256,278
ABprp,186,29.7,256,278
ABprp,187,30.0,258,276
ABprp,188,29.9,257,278
ABprp,189,30.0,260,278
ABprp,190,30.1,260,278
ABprp,191,30.0,260,278
ABprp,192,31.0,258,278
ABprp,193,31.0,260,276
ABprp,194,31.0,264,276
ABprp,195,31.0,266,278
ABprp,196,32.0,270,278
ABprp,197,32.0,272,274
ABprp,198,32.0,276,274
ABprp,199,32.0,278,272
ABprp,200,32.0,276,270
ABprp,201,32.0,274,268
ABprp,202,32.0,278,268
ABprp,203,32.0,276,268
ABprp,204,32.0,274,264
ABprp,205,32.0,276,256
ABprp,206,32.0,278,256
ABprp,207,32.0,280,256
ABprp,208,32.0,282,254
ABprp,209,33.0,284,252
ABprp,210,32.5,286,252
ABprp,211,32.6,288,252
ABprp,212,33.0,288,254
ABprp,213,33.0,288,246
ABprp,214,32.8,289,244
ABprp,215,32.7,288,239
ABprp,216,32.6,288,239
ABprp,217,32.6,289,239
ABprp,218,32.8,288,238
ABprp,219,32.7,284,237
ABprp,220,32.7,281,238
ABprp,221,32.8,280,240
ABprp,222,33.0,278,243
ABprp,223,32.8,280,242
ABprp,224,32.9,278,245
ABprp,225,32.8,275,244
ABprp,226,32.7,274,245
ABprp,227,32.6,274,244
ABprp,228,32.6,274,246
ABprp,229,32.9,274,245
ABprp,230,32.7,276,247
ABprp,231,32.7,276,246
ABprp,232,32.8,276,248
ABprp,233,32.7,277,250
ABprp,234,32.6,278,254
ABprp,235,32.7,277,256
ABprp,236,32.5,278,257
ABprp,237,32.6,278,259
ABprp,238,32.4,282,260
ABprp,239,32.4,278,262
ABprp,240,32.3,280,264
ABprp,241,32.4,278,270
ABprp,242,32.4,275,270
ABprp,243,32.6,280,269
ABprp,244,32.6,278,268
ABprp,245,32.7,278,267
ABprp,246,32.5,276,267
ABprp,247,32.4,276,267
ABprp,248,32.4,276,265
ABprp,249,32.0,274,268
ABprp,250,32.0,274,266
ABprp,251,31.3,273,266
ABprp,252,31.1,268,269
ABprp,253,30.2,268,271
ABprp,254,31.0,276,258
ABprp,255,31.1,276,262
ABprp,256,31.0,274,270
ABprp,257,31.0,278,270
ABprp,258,30.0,274,270
ABprp,259,29.1,282,274
ABprp,260,30.1,270,272
P1,1,25.0,176,284
P1,2,24.0,176,276
P1,3,24.0,178,272
P1,4,24.0,188,276
P1,5,24.0,192,272
P1,6,23.0,196,270
P1,7,23.0,202,268
P1,8,22.0,204,268
P1,9,23.0,204,266
P1,10,23.0,204,264
P1,11,23.0,200,260
P1,12,23.0,202,260
P1,13,23.0,202,254
P1,14,22.0,202,252
P1,15,23.6,202,252
P1,16,23.4,203,254
P1,17,23.6,203,254
P1,18,23.5,205,251
P1,19,22.8,198,254
P1,20,22.8,201,255
P1,21,24.2,198,257
P1,22,26.0,196,256
P1,23,26.0,194,252
P1,24,26.2,199,261
P1,25,24.9,198,246
P1,26,25.0,196,248
P1,27,25.0,198,250
P1,28,25.0,202,242
P1,29,25.0,212,222
P1,30,25.0,218,212
P1,31,24.0,221,214
EMS,32,24.5,229,209
EMS,33,25.0,238,204
EMS,34,24.1,232,207
EMS,35,24.1,262,198
EMS,36,25.1,248,212
EMS,37,24.1,255,203
EMS,38,24.1,257,200
EMS,39,24.2,261,196
EMS,40,24.2,263,195
EMS,41,25.2,265,197
EMS,42,25.0,271,194
EMS,43,25.1,275,196
EMS,44,25.1,278,190
EMS,45,26.1,281,190
EMS,46,25.3,283,188
EMS,47,25.6,289,190
EMS,48,25.9,292,188
EMS,49,26.0,290,188
EMS,50,26.0,288,186
EMS,51,25.9,289,188
EMS,52,26.1,290,186
EMS,53,25.9,293,186
EMS,54,26.2,297,186
EMS,55,26.0,297,186
EMS,56,26.6,302,180
EMS,57,26.3,304,179
EMS,58,26.2,304,180
EMS,59,26.6,305,172
EMS,60,26.2,306,171
EMS,61,26.5,309,170
EMS,62,27.0,308,166
EMS,63,26.4,314,166
EMS,64,26.0,308,162
EMS,65,26.3,310,161
EMS,66,26.3,314,165
EMS,67,25.5,314,164
EMS,68,25.9,318,160
EMS,69,25.0,316,158
EMS,70,25.0,322,158
EMS,71,25.0,324,154
EMS,72,24.5,326,149
EMS,73,25.0,330,148
EMS,74,25.0,334,144
EMS,75,25.0,334,138
EMS,76,25.0,338,134
EMS,77,25.0,336,128
EMS,78,25.0,334,126
EMS,79,25.0,334,124
EMS,80,24.0,338,122
EMS,81,24.0,348,124
EMS,82,24.0,358,124
EMS,83,24.0,364,120
EMS,84,24.0,374,120
EMS,85,24.0,376,120
EMS,86,23.7,376,116
EMS,87,24.2,373,118
EMS,88,23.5,378,116
EMS,89,23.5,378,118
EMS,90,23.3,375,117
EMS,91,23.6,376,118
EMS,92,23.6,380,122
EMS,93,23.7,376,122
EMS,94,23.4,367,126
EMS,95,23.6,357,124
EMS,96,24.6,347,131
EMS,97,25.2,335,135
EMS,98,26.4,334,142
EMS,99,27.3,335,144
EMS,100,28.0,334,152
EMS,101,27.0,340,159
EMS,102,26.2,347,166
EMS,103,26.0,337,165
EMS,104,26.2,341,168
EMS,105,27.1,345,170
EMS,106,27.0,341,168
EMS,107,26.2,345,166
EMS,108,28.0,346,168
EMS,109,27.0,348,164
MS,110,27.0,363,169
MS,111,30.0,366,168
MS,112,30.0,366,162
MS,113,30.0,368,168
MS,114,30.2,369,170
MS,115,30.1,368,165
MS,116,30.0,369,171
MS,117,29.4,365,167
MS,118,30.0,364,165
MS,119,30.1,365,163
MS,120,30.1,367,160
MS,121,29.3,365,157
MS,122,30.0,368,156
MS,123,30.3,365,160
MS,124,30.3,369,160
MS,125,31.1,369,160
MS,126,30.5,375,158
MS,127,30.8,375,157
MS,128,31.6,379,158
MS,129,31.7,382,156
MS,130,31.5,384,154
MS,131,32.2,389,156
MS,132,32.2,393,155
MS,133,32.5,399,153
MS,134,32.6,400,155
MS,135,32.8,402,151
MS,136,32.8,405,152
MS,137,33.0,408,154
MS,138,33.0,410,160
MS,139,33.0,414,162
MS,140,32.7,414,164
MS,141,32.5,420,170
MS,142,32.6,422,177
MS,143,32.4,424,179
MS,144,32.4,426,180
MS,145,32.0,428,175
MS,146,32.2,434,178
MS,147,32.4,430,174
MS,148,32.3,430,177
MS,149,32.2,430,176
MS,150,32.5,430,171
MS,151,32.6,428,173
MS,152,32.6,430,166
MS,153,32.5,430,168
MS,154,32.6,430,167
MS,155,33.0,432,166
MS,156,32.7,434,162
MS,157,32.0,436,164
MS,158,33.0,436,168
MS,159,33.0,436,164
MS,160,33.0,438,166
MS,161,32.8,444,163
MS,162,33.0,450,164
MS,163,32.7,454,162
MS,164,32.5,462,160
MS,165,32.1,466,160
MS,166,32.2,470,164
MS,167,31.8,475,160
MS,168,31.8,479,163
MS,169,31.8,480,166
MS,170,31.6,480,165
MS,171,31.7,481,167
MS,172,31.7,484,174
MS,173,31.8,483,178
MS,174,31.7,484,178
MS,175,31.4,488,176
MS,176,31.0,484,176
MS,177,31.1,480,178
MS,178,31.1,480,177
MS,179,30.7,480,180
MS,180,30.2,474,177
MS,181,30.8,470,182
MS,182,30.1,464,181
MS,183,30.2,455,189
MS,184,29.4,448,190
MS,185,30.2,449,193
MS,186,31.1,446,195
MS,187,31.0,434,192
MS,188,30.0,442,200
MS,189,29.1,437,204
MS,190,29.2,444,197
MS,191,28.1,448,192
MS,192,28.0,447,190
MS,193,29.0,448,190
MS,194,27.1,455,192
MS,195,29.0,452,201
MS,196,29.0,457,205
MSa,197,29.0,454,196
MSa,198,27.9,450,191
MSa,199,27.3,446,184
MSa,200,28.2,463,186
MSa,201,27.3,455,182
MSa,202,28.0,464,184
MSa,203,28.2,460,187
MSa,204,27.3,467,185
MSa,205,27.3,470,185
MSa,206,27.2,470,184
MSa,207,27.3,470,184
MSa,208,27.4,471,184
MSa,209,27.5,473,180
MSa,210,28.1,475,178
MSa,211,27.8,477,176
MSa,212,28.1,473,171
MSa,213,27.6,475,168
MSa,214,27.4,476,168
MSa,215,26.6,477,168
MSa,216,26.6,478,166
MSa,217,26.0,480,166
MSa,218,26.0,482,164
MSa,219,25.0,482,164
MSa,220,25.1,486,163
MSa,221,25.8,486,159
MSa,222,25.3,486,153
MSa,223,25.0,490,154
MSa,224,24.7,490,153
MSa,225,24.0,490,152
MSa,226,24.0,490,148
MSa,227,24.0,484,146
MSa,228,24.0,482,144
MSa,229,24.0,486,142
MSa,230,23.0,482,136
MSa,231,23.0,478,130
MSa,232,23.0,482,132
MSa,233,23.0,480,130
MSa,234,22.0,478,128
MSa,235,22.0,478,128
MSa,236,22.0,474,124
MSa,237,21.0,474,124
MSa,238,21.9,474,122
MSa,239,21.8,472,116
MSa,240,21.8,468,113
MSa,241,22.0,468,114
MSa,242,21.8,468,114
MSa,243,22.0,470,118
MSa,244,21.6,474,114
MSa,245,21.6,473,113
MSa,246,21.6,476,113
MSa,247,21.5,478,112
MSa,248,22.2,477,114
MSa,249,21.8,476,114
MSa,250,21.7,478,113
MSa,251,20.7,476,112
MSa,252,20.6,480,111
MSa,253,21.2,482,111
MSa,254,21.2,484,113
MSa,255,21.3,484,116
MSa,256,21.1,482,114
MSa,257,21.1,482,118
MSa,258,21.2,486,118
MSa,259,21.5,484,119
MSa,260,21.4,488,120
MSp,197,30.0,442,208
MSp,198,30.0,443,217
MSp,199,29.0,430,219
MSp,200,29.1,432,221
MSp,201,29.1,427,223
MSp,202,29.1,426,223
MSp,203,29.2,419,229
MSp,204,28.3,421,226
MSp,205,29.2,425,228
MSp,206,29.1,422,229
MSp,207,29.3,422,231
MSp,208,29.5,419,228
MSp,209,29.7,421,225
MSp,210,30.2,423,224
MSp,211,30.4,424,224
MSp,212,30.5,426,222
MSp,213,30.8,425,221
MSp,214,31.0,427,222
MSp,215,31.1,425,220
MSp,216,30.8,428,220
MSp,217,31.2,426,224
MSp,218,31.4,425,222
MSp,219,32.0,422,224
MSp,220,31.8,422,224
MSp,221,32.1,420,221
MSp,222,32.2,418,225
MSp,223,31.9,416,230
MSp,224,32.4,416,230
MSp,225,31.9,412,227
MSp,226,31.6,410,227
MSp,227,32.0,408,230
MSp,228,32.0,408,230
MSp,229,31.6,406,230
MSp,230,32.0,406,228
MSp,231,31.9,408,226
MSp,232,32.0,408,226
MSp,233,32.0,407,228
MSp,234,32.0,410,232
MSp,235,32.0,408,232
MSp,236,32.0,406,234
MSp,237,32.0,404,236
MSp,238,33.0,406,234
MSp,239,32.0,406,234
MSp,240,33.0,404,232
MSp,241,33.0,400,230
MSp,242,33.0,400,230
MSp,243,33.0,404,232
MSp,244,32.7,406,229
MSp,245,33.0,408,234
MSp,246,33.0,408,234
MSp,247,33.0,406,236
MSp,248,33.0,410,236
MSp,249,33.0,408,234
MSp,250,32.7,405,235
MSp,251,32.0,404,236
MSp,252,32.4,405,239
MSp,253,32.5,406,238
MSp,254,32.4,406,235
MSp,255,32.4,410,237
MSp,256,32.2,407,236
MSp,257,32.2,406,236
MSp,258,32.4,408,236
MSp,259,32.3,408,236
MSp,260,32.2,415,234
E,110,28.0,344,164
E,111,29.0,333,156
E,112,29.0,324,154
E,113,28.1,321,152
E,114,27.0,318,152
E,115,27.1,311,153
E,116,27.2,307,154
E,117,27.3,300,159
E,118,27.1,295,158
E,119,28.0,291,160
E,120,28.1,291,163
E,121,27.1,286,164
E,122,27.2,287,162
E,123,27.0,282,164
E,124,27.2,284,162
E,125,27.0,284,163
E,126,27.1,284,162
E,127,27.0,280,162
E,128,27.3,279,160
E,129,27.0,278,158
E,130,27.2,274,159
E,131,27.0,273,156
E,132,26.8,273,158
E,133,27.1,272,158
E,134,27.3,271,158
E,135,27.1,264,157
E,136,27.7,260,156
E,137,27.8,255,155
E,138,28.0,254,158
E,139,28.0,250,160
E,140,29.0,248,164
E,141,29.0,244,166
E,142,29.1,243,164
E,143,29.0,244,164
E,144,29.0,244,166
E,145,29.0,244,160
E,146,29.0,242,160
E,147,29.0,238,159
E,148,29.0,240,156
E,149,29.0,240,158
E,150,29.0,240,154
E,151,29.0,238,152
E,152,29.0,240,152
E,153,29.0,242,150
E,154,29.0,244,150
E,155,29.0,246,148
E,156,29.0,246,148
E,157,28.0,244,148
E,158,29.0,246,150
E,159,28.0,246,148
E,160,28.0,248,148
E,161,28.0,250,148
E,162,28.0,252,146
E,163,29.0,254,144
E,164,29.0,254,142
E,165,28.6,255,144
E,166,28.6,257,142
E,167,28.8,261,140
E,168,28.6,264,138
E,169,29.1,262,138
E,170,29.3,263,138
E,171,29.4,268,138
E,172,29.2,274,136
E,173,29.1,282,130
E,174,29.3,282,129
E,175,28.7,284,124
E,176,28.3,282,121
E,177,28.1,284,121
E,178,27.1,284,118
E,179,26.5,286,116
E,180,27.2,285,118
E,181,28.0,285,115
E,182,26.4,280,119
E,183,27.4,284,119
E,184,27.4,282,121
E,185,27.5,288,124
E,186,28.1,288,128
E,187,28.2,286,129
E,188,28.1,286,130
E,189,27.5,286,132
E,190,28.1,291,127
E,191,28.3,288,123
E,192,28.3,290,134
E,193,28.7,289,138
E,194,29.0,290,134
E,195,29.1,288,134
E,196,28.1,290,128
E,197,27.0,290,134
E,198,26.1,289,136
E,199,28.0,280,142
E,200,26.0,281,148
E,201,27.0,284,145
E,202,27.0,293,143
E,203,27.1,285,150
Ea,204,26.0,305,141
Ea,205,27.1,313,147
Ea,206,28.1,317,140
Ea,207,28.2,324,144
Ea,208,28.1,323,143
Ea,209,28.2,327,140
Ea,210,29.1,327,140
Ea,211,28.2,329,139
Ea,212,28.2,329,137
Ea,213,28.6,325,134
Ea,214,28.2,326,132
Ea,215,28.1,323,132
Ea,216,28.6,321,130
Ea,217,28.7,323,131
Ea,218,28.4,319,128
Ea,219,28.5,319,126
Ea,220,28.6,318,125
Ea,221,28.8,319,123
Ea,222,28.7,317,120
Ea,223,29.1,321,123
Ea,224,28.7,324,119
Ea,225,28.6,325,121
Ea,226,28.3,328,118
Ea,227,28.2,329,119
Ea,228,27.7,332,117
Ea,229,27.7,332,116
Ea,230,27.8,331,119
Ea,231,28.0,334,121
Ea,232,27.5,341,118
Ea,233,28.1,340,114
Ea,234,28.4,342,118
Ea,235,28.3,342,115
Ea,236,28.2,347,117
Ea,237,28.8,345,119
Ea,238,29.0,342,118
Ea,239,30.0,338,118
Ea,240,29.7,335,117
Ea,241,30.0,334,118
Ea,242,30.0,334,118
Ea,243,29.9,339,117
Ea,244,30.0,340,118
Ea,245,31.0,340,116
Ea,246,31.0,336,116
Ea,247,31.0,336,118
Ea,248,31.0,338,118
Ea,249,31.0,340,116
Ea,250,31.0,344,118
Ea,251,31.0,348,116
Ea,252,30.0,348,112
Ea,253,30.8,347,112
Ea,254,31.0,350,114
Ea,255,30.7,350,110
Ea,256,30.4,352,111
Ea,257,30.5,352,108
Ea,258,30.6,355,111
Ea,259,30.6,356,115
Ea,260,31.1,356,118
Ep,204,26.0,276,142
Ep,205,28.1,276,150
Ep,206,28.0,272,139
Ep,207,28.2,273,143
Ep,208,28.1,267,144
Ep,209,28.0,268,143
Ep,210,28.0,264,143
Ep,211,27.2,263,145
Ep,212,27.1,261,144
Ep,213,27.2,255,139
Ep,214,28.3,253,141
Ep,215,27.5,249,139
Ep,216,28.2,247,142
Ep,217,28.1,246,143
Ep,218,28.1,243,145
Ep,219,28.1,242,148
Ep,220,27.7,237,148
Ep,221,27.6,236,150
Ep,222,28.1,230,151
Ep,223,27.4,230,151
Ep,224,27.5,228,155
Ep,225,26.7,224,153
Ep,226,26.5,226,152
Ep,227,27.0,223,156
Ep,228,27.2,221,155
Ep,229,26.6,218,156
Ep,230,27.2,217,159
Ep,231,26.7,218,158
Ep,232,27.1,219,154
Ep,233,26.8,219,151
Ep,234,27.0,220,151
Ep,235,27.5,218,155
Ep,236,27.6,217,154
Ep,237,27.8,218,153
Ep,238,28.0,214,154
Ep,239,28.0,212,154
Ep,240,28.1,208,152
Ep,241,29.0,208,154
Ep,242,28.0,210,154
Ep,243,28.0,212,146
Ep,244,28.0,212,146
Ep,245,28.0,212,146
Ep,246,28.0,214,148
Ep,247,28.0,214,146
Ep,248,28.0,212,144
Ep,249,29.0,214,148
Ep,250,29.0,222,144
Ep,251,29.0,224,142
Ep,252,29.0,224,146
Ep,253,28.9,220,148
Ep,254,29.0,226,150
Ep,255,28.6,223,150
Ep,256,28.6,222,150
Ep,257,28.4,221,149
Ep,258,28.2,224,152
Ep,259,28.0,222,154
Ep,260,27.3,224,157
P2,32,25.0,203,213
P2,33,26.0,204,211
P2,34,24.1,184,218
P2,35,25.0,204,200
P2,36,25.2,185,222
P2,37,25.0,187,213
P2,38,25.1,186,214
P2,39,25.1,185,215
P2,40,25.0,184,217
P2,41,25.1,182,222
P2,42,25.1,185,217
P2,43,24.2,184,214
P2,44,24.2,183,213
P2,45,25.3,180,214
P2,46,25.1,178,216
P2,47,25.2,177,216
P2,48,24.5,175,218
P2,49,24.9,168,224
P2,50,24.3,162,228
P2,51,25.0,160,230
P2,52,24.0,154,232
P2,53,24.3,149,230
P2,54,24.0,146,228
P2,55,24.6,140,225
P2,56,24.2,134,223
P2,57,24.2,126,225
P2,58,24.2,120,228
P2,59,24.3,118,228
P2,60,23.7,116,228
P2,61,23.4,115,232
P2,62,24.0,114,236
P2,63,23.1,113,237
P2,64,23.1,113,239
P2,65,23.3,112,241
P2,66,23.4,109,243
P2,67,22.6,110,243
P2,68,23.2,109,243
P2,69,23.5,110,246
P2,70,23.0,112,244
P2,71,23.0,108,247
P2,72,22.7,111,247
P2,73,23.0,116,248
P2,74,22.7,112,250
P2,75,22.6,110,252
P2,76,22.7,112,254
P2,77,22.2,114,256
P2,78,22.4,118,262
P2,79,22.3,119,265
P2,80,22.2,121,266
P2,81,21.8,120,264
P2,82,22.0,124,264
P2,83,22.1,122,263
P2,84,22.0,126,262
P2,85,22.0,128,260
P2,86,22.0,130,260
P2,87,22.2,126,264
P2,88,22.3,128,268
P2,89,22.4,128,270
P2,90,22.4,129,266
P2,91,22.3,133,265
P2,92,22.7,139,262
P2,93,22.2,144,262
P2,94,21.4,147,260
P2,95,20.5,152,266
P2,96,20.5,161,264
P2,97,21.2,162,255
P2,98,21.3,161,251
P2,99,21.7,164,242
P2,100,22.3,170,230
P2,101,23.1,172,223
P2,102,22.6,177,214
P2,103,23.0,180,214
P2,104,23.0,184,210
P2,105,22.2,184,205
P2,106,22.2,189,201
P2,107,22.1,191,191
P2,108,22.0,190,194
P2,109,22.1,190,192
P2,110,22.3,195,190
P2,111,22.4,196,190
P2,112,23.2,197,195
P2,113,23.3,198,192
P2,114,23.2,195,201
P2,115,23.2,195,202
P2,116,22.5,189,206
P2,117,22.2,188,210
P2,118,22.0,186,218
P2,119,22.9,190,220
P2,120,23.3,190,221
P2,121,24.1,184,222
P2,122,24.2,180,221
P2,123,24.1,174,219
P2,124,24.0,176,222
P2,125,24.2,174,224
P2,126,24.2,177,225
C,127,24.0,169,239
C,128,24.2,167,247
C,129,23.4,162,256
C,130,23.2,170,257
C,131,23.4,166,258
C,132,23.3,166,257
C,133,23.1,170,257
C,134,23.2,170,259
C,135,23.5,171,267
C,136,23.2,172,269
C,137,22.5,168,273
C,138,22.5,169,274
C,139,22.2,170,275
C,140,22.3,172,275
C,141,22.2,169,276
C,142,21.6,170,276
C,143,21.4,170,275
C,144,21.4,170,272
C,145,21.4,168,273
C,146,21.3,167,270
C,147,21.6,169,273
C,148,21.1,167,270
C,149,21.4,169,274
C,150,21.6,170,274
C,151,21.0,170,274
C,152,21.7,173,277
C,153,21.2,170,273
C,154,20.6,168,272
C,155,21.4,167,272
C,156,20.4,173,273
C,157,20.2,171,270
C,158,20.1,167,273
C,159,19.7,167,271
C,160,19.7,169,267
C,161,19.0,166,266
C,162,19.1,160,265
C,163,18.7,165,263
C,164,18.0,162,258
C,165,19.0,164,254
C,166,17.8,158,252
C,167,18.0,160,248
C,168,18.1,156,245
C,169,17.7,155,245
C,170,17.6,154,246
C,171,17.2,155,247
C,172,16.5,151,246
C,173,16.4,147,248
C,174,16.8,147,253
C,175,16.4,146,258
C,176,15.4,150,264
C,177,15.3,147,264
C,178,16.2,143,270
C,179,15.4,140,270
C,180,16.1,139,272
C,181,16.1,138,276
C,182,16.3,139,274
C,183,16.5,133,275
C,184,17.2,132,274
C,185,18.0,136,272
C,186,17.1,134,272
C,187,18.1,137,278
C,188,18.5,138,282
C,189,18.5,142,280
C,190,19.1,146,278
C,191,19.0,146,282
C,192,19.1,151,281
C,193,19.4,155,284
C,194,20.2,155,288
C,195,19.4,159,284
C,196,19.4,166,282
C,197,20.3,168,286
C,198,21.0,171,286
C,199,21.0,176,285
C,200,20.6,178,286
C,201,20.6,180,288
C,202,21.2,182,285
C,203,21.2,183,286
C,204,21.3,188,279
C,205,21.4,189,277
C,206,21.4,192,273
C,207,21.1,194,274
C,208,21.9,198,274
C,209,21.0,202,276
C,210,23.0,208,272
C,211,21.1,198,282
C,212,21.1,204,276
C,213,21.1,208,282
C,214,21.1,213,288
C,215,20.0,216,290
C,216,20.0,217,288
C,217,19.1,214,286
C,218,20.0,219,290
Ca,219,20.0,231,295
Ca,220,20.0,234,291
Ca,221,19.2,239,295
Ca,222,20.1,240,298
Ca,223,20.1,244,293
Ca,224,19.1,245,290
Ca,225,20.0,250,294
Ca,226,20.1,247,292
Ca,227,20.1,251,293
Ca,228,20.3,252,294
Ca,229,20.4,255,294
Ca,230,20.2,257,296
Ca,231,20.4,259,298
Ca,232,20.2,258,292
Ca,233,19.5,261,289
Ca,234,19.3,262,286
Ca,235,19.7,264,285
Ca,236,19.3,264,286
Ca,237,19.3,264,285
Ca,238,19.2,264,283
Ca,239,18.6,266,281
Ca,240,18.7,267,284
Ca,241,18.6,270,285
Ca,242,18.5,270,282
Ca,243,18.5,274,284
Ca,244,18.6,277,281
Ca,245,18.2,276,279
Ca,246,17.6,276,276
Ca,247,17.5,277,278
Ca,248,17.2,278,278
Ca,249,17.4,279,277
Ca,250,17.2,275,277
Ca,251,17.1,274,278
Ca,252,16.4,272,275
Ca,253,16.6,274,276
Ca,254,17.1,276,274
Ca,255,17.0,276,278
Ca,256,17.0,278,276
Ca,257,17.1,277,275
Ca,258,17.0,278,272
Ca,259,16.0,276,270
Ca,260,16.4,274,268
Cp,219,21.0,209,295
Cp,220,21.0,202,289
Cp,221,20.1,197,289
Cp,222,22.0,195,292
Cp,223,21.1,193,289
Cp,224,21.2,189,293
Cp,225,21.1,190,295
Cp,226,21.0,184,290
Cp,227,21.2,186,290
Cp,228,21.2,184,292
Cp,229,20.3,182,291
Cp,230,20.2,184,293
Cp,231,20.2,182,297
Cp,232,20.1,179,295
Cp,233,21.0,181,296
Cp,234,20.3,178,296
Cp,235,21.1,177,296
Cp,236,20.6,178,298
Cp,237,20.1,176,300
Cp,238,20.4,175,303
Cp,239,20.3,175,305
Cp,240,19.5,176,306
Cp,241,20.1,175,310
Cp,242,19.4,169,311
Cp,243,19.3,170,308
Cp,244,18.3,171,306
Cp,245,18.6,171,305
Cp,246,18.3,170,311
Cp,247,18.2,168,308
Cp,248,19.0,164,306
Cp,249,18.4,164,310
Cp,250,19.1,160,308
Cp,251,20.0,162,306
Cp,252,20.0,158,308
Cp,253,20.0,158,312
Cp,254,21.0,158,312
Cp,255,21.0,154,320
Cp,256,22.0,155,317
Cp,257,21.1,155,321
Cp,258,22.2,151,318
Cp,259,22.3,151,315
Cp,260,22.3,153,315
P3,127,24.0,170,212
P3,128,25.2,171,207
P3,129,25.4,169,207
P3,130,25.0,170,201
P3,131,25.4,167,196
P3,132,25.2,170,190
P3,133,24.4,172,186
P3,134,26.1,174,186
P3,135,26.2,170,190
P3,136,26.3,168,189
P3,137,26.3,162,190
P3,138,26.2,162,188
P3,139,26.1,162,185
P3,140,26.0,164,183
P3,141,26.4,165,178
P3,142,26.6,168,176
P3,143,26.6,168,173
P3,144,26.7,170,172
P3,145,26.6,174,169
P3,146,27.1,172,167
P3,147,26.6,170,166
P3,148,27.1,168,165
P3,149,27.3,164,164
P3,150,26.6,163,162
P3,151,27.2,160,164
P3,152,26.7,160,163
P3,153,26.6,164,159
P3,154,26.5,164,157
P3,155,26.2,164,153
P3,156,26.6,160,155
P3,157,26.3,160,153
P3,158,26.1,162,152
P3,159,25.5,160,152
P3,160,25.6,158,152
P3,161,25.6,163,150
P3,162,25.2,164,149
P3,163,25.0,168,146
P3,164,25.0,170,145
P3,165,25.0,172,144
P3,166,24.6,176,138
P3,167,24.0,180,140
P3,168,24.0,184,140
P3,169,24.0,182,140
P3,170,23.7,186,136
P3,171,23.1,187,133
P3,172,23.3,189,133
P3,173,22.7,193,131
P3,174,22.0,194,136
P3,175,20.9,193,132
P3,176,20.1,189,137
P3,177,18.5,195,138
P3,178,18.2,194,140
P3,179,18.2,188,140
P3,180,19.1,187,140
P3,181,19.0,186,142
P3,182,19.3,189,142
P3,183,18.7,186,141
P3,184,19.1,184,142
P3,185,20.1,185,141
P3,186,20.1,184,143
P3,187,20.2,179,143
P3,188,20.2,177,147
P3,189,20.2,176,150
P3,190,20.5,176,152
P3,191,20.4,173,153
P3,192,21.1,172,154
P3,193,21.2,170,155
P3,194,20.5,167,157
P3,195,21.1,166,156
P3,196,21.1,166,158
P3,197,21.1,165,162
P3,198,21.0,164,161
P3,199,21.1,161,163
P3,200,21.0,162,166
P3,201,22.0,164,164
P3,202,22.0,164,162
P3,203,22.0,166,164
P3,204,22.0,168,162
P3,205,22.0,172,158
P3,206,22.0,172,158
P3,207,21.0,172,158
P3,208,21.0,170,160
P3,209,21.0,168,162
P3,210,21.3,168,162
P3,211,20.9,164,167
P3,212,21.0,164,172
P3,213,22.0,159,174
P3,214,21.8,157,178
P3,215,21.0,156,184
P3,216,21.0,154,188
P3,217,21.2,152,186
P3,218,21.8,147,193
P3,219,22.1,146,196
P3,220,22.0,148,197
P3,221,22.7,150,200
P3,222,22.3,151,198
P3,223,23.0,149,200
P3,224,23.0,152,198
P3,225,22.0,150,202
P3,226,23.0,152,200
P3,227,23.2,150,200
P3,228,23.0,150,202
P3,229,23.0,150,202
P3,230,23.0,148,204
P3,231,23.0,150,204
P3,232,24.0,150,202
P3,233,24.0,150,202
P3,234,24.1,150,196
P3,235,24.1,148,195
P3,236,25.0,148,200
P3,237,25.0,148,200
P3,238,25.0,146,202
P3,239,25.0,148,200
P3,240,24.5,144,196
P3,241,24.1,148,194
P3,242,24.1,150,189
P3,243,25.0,150,192
P3,244,25.3,148,189
P3,245,25.6,146,190
P3,246,25.4,144,193
P3,247,23.6,144,194
D,248,22.3,144,208
D,249,22.1,144,216
D,250,21.4,142,217
D,251,20.5,140,216
D,252,20.7,138,218
D,253,20.6,132,222
D,254,21.2,131,226
D,255,21.2,133,229
D,256,21.2,134,230
D,257,21.3,130,229
D,258,21.0,134,228
D,259,20.1,134,227
D,260,20.7,134,228
P4,248,25.0,147,182
P4,249,27.0,145,186
P4,250,24.6,150,173
P4,251,25.2,154,172
P4,252,26.6,150,175
P4,253,26.5,148,173
P4,254,27.3,150,174
P4,255,27.6,146,174
P4,256,28.2,146,177
P4,257,28.6,148,177
P4,258,28.2,152,172
P4,259,28.1,149,170
P4,260,28.2,150,170
