cellTime,cell,time,none,global,local,blot,cross,z,x,y,size,gweight
ABa:1,ABa,1,21882,-3118,5110,5110,21882,30.7,171,272,72,1428487
ABa:2,ABa,2,21714,-3286,5248,5248,21714,30,190,272,67,1202554
ABa:3,ABa,3,23506,-1494,7351,7351,23506,32.1,185,261,70,1545601
ABa:4,ABa,4,25444,444,7584,7584,25444,31.7,183,239,71,1459779
ABa:5,ABa,5,23663,-1337,5077,5077,23663,32,206,230,68,180302
ABa:6,ABa,6,20742,-4258,3689,3689,20742,32.6,206,227,54,325103
ABa:7,ABa,7,17419,-7581,2048,2048,17419,33,212,224,59,152558
ABal:8,ABal,8,19410,-5590,-7,-7,19410,31.2,188,302,44,132476
ABal:9,ABal,9,19125,-5875,-2117,-2117,19125,33,188,302,52,282483
ABal:10,ABal,10,17792,-7208,-2076,-2076,17792,34,164,308,52,464497
ABal:11,ABal,11,17398,-7602,-1855,-1855,17398,30.6,141,282,58,807321
ABal:12,ABal,12,19648,-5352,-3585,-3585,19648,25.8,143,286,58,974333
ABal:13,ABal,13,20016,-4984,-3120,-3120,20016,22.3,142,264,57,847504
ABal:14,ABal,14,19627,-5373,-3832,-3832,19627,23.3,143,296,53,717287
ABal:15,ABal,15,19376,-5624,-6407,-6407,19376,29,140,315,52,786717
ABal:16,ABal,16,21067,-3933,-4241,-4241,21067,28.3,140,308,53,796861
ABal:17,ABal,17,23367,-1633,-936,-936,23367,29.3,152,323,55,722215
ABal:18,ABal,18,19524,-5476,2382,2382,19524,33,156,314,54,469250
ABal:19,ABal,19,17904,-7096,565,565,17904,34,166,298,52,280102
ABala:20,ABala,20,16605,-8395,-4436,-4436,16605,33.4,145,284,39,189583
ABala:21,ABala,21,19767,-5233,-3818,-3818,19767,36,140,270,42,216422
ABala:22,ABala,22,17238,-7762,-5462,-5462,17238,36.4,136,259,47,291526
ABala:23,ABala,23,14444,-10556,-5602,-5602,14444,37.1,123,274,49,420534
ABala:24,ABala,24,14001,-10999,-5225,-5225,14001,37,120,268,46,411044
ABala:25,ABala,25,12945,-12055,-4502,-4502,12945,37.5,124,248,49,452819
ABala:26,ABala,26,13271,-11729,-4698,-4698,13271,36.8,130,240,47,411538
ABala:27,ABala,27,13278,-11722,-5532,-5532,13278,36.1,131,240,48,460592
ABala:28,ABala,28,13174,-11826,-5640,-5640,13174,35.3,138,228,49,454912
ABala:29,ABala,29,12277,-12723,-7623,-7623,12277,36.6,134,220,50,543944
ABala:30,ABala,30,12721,-12279,-4006,-4006,12721,37.5,140,212,48,474285
ABala:31,ABala,31,16145,-8855,-5699,-5699,16145,35.6,141,217,49,494587
ABala:32,ABala,32,13938,-11062,1261,1261,13938,36.1,142,206,34,216280
ABala:33,ABala,33,8935,-16065,-4177,-4177,8935,44.2,142,224,39,235837
ABalaa:34,ABalaa,34,5076,-19924,-1930,-1930,5076,45.3,124,223,33,141681
ABalaa:35,ABalaa,35,7951,-17049,-5079,-5079,7951,44,122,218,39,135870
ABalaa:36,ABalaa,36,9710,-15290,-6187,-6187,9710,46,120,228,38,154769
ABalaa:37,ABalaa,37,18126,-6874,-2249,-2249,18126,46.6,120,228,43,202216
ABalaa:38,ABalaa,38,13600,-11400,-4894,-4894,13600,47.2,117,233,43,209587
ABalaa:39,ABalaa,39,8283,-16717,-6773,-6773,8283,50,122,234,42,224387
ABalaa:40,ABalaa,40,7407,-17593,-6328,-6328,7407,51.2,126,230,47,246800
ABalaa:41,ABalaa,41,8394,-16606,-6322,-6322,8394,50.6,128,230,46,291698
ABalaa:42,ABalaa,42,12241,-12759,-7179,-7179,12241,48,128,218,44,293226
ABalaa:43,ABalaa,43,12795,-12205,-4545,-4545,12795,48,119,230,46,364313
ABalaa:44,ABalaa,44,11808,-13192,-6899,-6899,11808,48,120,232,44,344517
ABalaa:45,ABalaa,45,10926,-14074,-8872,-8872,10926,48.5,124,240,49,428822
ABalaa:46,ABalaa,46,10337,-14663,-10201,-10201,10337,48.1,124,236,48,477050
ABalaa:47,ABalaa,47,9737,-15263,-8154,-8154,9737,48,116,248,46,483687
ABalaa:48,ABalaa,48,10539,-14461,-11103,-11103,10539,47.7,116,250,49,635625
ABalaa:49,ABalaa,49,13012,-11988,-8843,-8843,13012,48,124,250,46,577592
ABalaa:50,ABalaa,50,12285,-12715,-11183,-11183,12285,48,126,243,48,687938
ABalaa:51,ABalaa,51,17235,-7765,-8290,-8290,17235,46,122,248,46,488558
ABalaa:52,ABalaa,52,11483,-13517,-2909,-2909,11483,48.4,121,245,39,543720
ABalaaa:53,ABalaaa,53,12578,-12422,-1853,-1853,12578,47.1,114,246,27,161390
ABalaaa:54,ABalaaa,54,10749,-14251,-9823,-9823,10749,46,106,248,36,330396
ABalaaa:55,ABalaaa,55,10152,-14848,-11011,-11011,10152,47,104,262,36,343081
ABalaaa:56,ABalaaa,56,13611,-11389,-6632,-6632,13611,46.2,96,273,39,436731
ABalaaa:57,ABalaaa,57,16562,-8438,-3581,-3581,16562,46.3,97,270,40,541335
ABalaaa:58,ABalaaa,58,14972,-10028,-4528,-4528,14972,47,96,268,41,602363
ABalaaa:59,ABalaaa,59,14259,-10741,-9250,-9250,14259,46,100,276,40,631205
ABalaaa:60,ABalaaa,60,13830,-11170,-11278,-11278,13830,46,98,264,41,681123
ABalaap:53,ABalaap,53,8379,-16621,-2615,-2615,8379,51.2,149,284,29,176166
ABalaap:54,ABalaap,54,9138,-15862,-3560,-3560,9138,52.2,144,292,34,251311
ABalaap:55,ABalaap,55,8204,-16796,-6379,-6379,8204,54,144,296,38,310303
ABalaap:56,ABalaap,56,6252,-18748,-9213,-9213,6252,54.8,151,309,39,314707
ABalaap:57,ABalaap,57,7272,-17728,-9900,-9900,7272,55,164,318,38,354385
ABalaap:58,ABalaap,58,10519,-14481,-9374,-9374,10519,54,162,324,39,385977
ABalaap:59,ABalaap,59,9641,-15359,-7647,-7647,9641,55,160,318,40,463573
ABalaap:60,ABalaap,60,10091,-14909,-8059,-8059,10091,55,154,316,41,497846
ABalap:34,ABalap,34,8366,-16634,-5791,-5791,8366,34.3,154,198,35,102208
ABalap:35,ABalap,35,12182,-12818,-12295,-12295,12182,34,166,202,39,74580
ABalap:36,ABalap,36,13123,-11877,-8006,-8006,13123,33,160,204,38,106448
ABalap:37,ABalap,37,10980,-14020,-4731,-4731,10980,30,172,196,39,102908
ABalap:38,ABalap,38,11594,-13406,-4687,-4687,11594,29,176,188,41,137527
ABalap:39,ABalap,39,11450,-13550,-5294,-5294,11450,30.2,162,172,44,225314
ABalap:40,ABalap,40,9448,-15552,-4070,-4070,9448,33,158,178,43,243137
ABalap:41,ABalap,41,11238,-13762,-5489,-5489,11238,32,159,177,46,317040
ABalap:42,ABalap,42,8319,-16681,-4451,-4451,8319,34,166,172,44,259829
ABalap:43,ABalap,43,11888,-13112,-7084,-7084,11888,34,164,188,44,295291
ABalap:44,ABalap,44,12336,-12664,-7046,-7046,12336,33.1,156,186,48,408805
ABalap:45,ABalap,45,12335,-12665,-6939,-6939,12335,33,149,190,47,415419
ABalap:46,ABalap,46,12229,-12771,-7610,-7610,12229,32.1,150,189,48,463148
ABalap:47,ABalap,47,11029,-13971,-8303,-8303,11029,33.4,143,186,50,549984
ABalap:48,ABalap,48,13131,-11869,-7736,-7736,13131,33.9,147,194,49,571220
ABalap:49,ABalap,49,12968,-12032,-7283,-7283,12968,33.2,154,197,50,710010
ABalap:50,ABalap,50,14026,-10974,-6164,-6164,14026,32,153,206,50,714126
ABalap:51,ABalap,51,11692,-13308,-5772,-5772,11692,31,152,194,46,608024
ABalapa:52,ABalapa,52,13425,-11575,-2788,-2880,13425,30.2,136,184,33,257669
ABalapa:53,ABalapa,53,14732,-10268,-2095,-2095,14732,32.2,135,202,33,230384
ABalapa:54,ABalapa,54,14645,-10355,-8203,-8203,14645,30,140,202,36,282922
ABalapa:55,ABalapa,55,13120,-11880,-10419,-10419,13120,33,120,206,40,443715
ABalapa:56,ABalapa,56,10726,-14274,-10933,-10933,10726,33.3,119,202,41,508921
ABalapa:57,ABalapa,57,11246,-13754,-11563,-11563,11246,33.2,116,207,42,591890
ABalapa:58,ABalapa,58,12623,-12377,-12646,-12636,12623,34.2,118,204,43,680576
ABalapa:59,ABalapa,59,12657,-12343,-15485,-15485,12657,35.7,119,205,44,785745
ABalapa:60,ABalapa,60,12701,-12299,-19169,-19169,12701,34.9,130,194,43,781121
ABalapp:52,ABalapp,52,12765,-12235,-2859,-2904,12765,33.2,162,217,31,204537
ABalapp:53,ABalapp,53,13420,-11580,-3217,-3217,13420,38.2,173,234,33,165516
ABalapp:54,ABalapp,54,12080,-12920,-7814,-7814,12080,39,182,236,36,216247
ABalapp:55,ABalapp,55,11721,-13279,-8268,-8268,11721,40.2,185,247,38,277653
ABalapp:56,ABalapp,56,11840,-13160,-10501,-10501,11840,42.2,183,259,39,334445
ABalapp:57,ABalapp,57,14535,-10465,-12012,-12012,14535,41,186,256,40,405014
ABalapp:58,ABalapp,58,13585,-11415,-15567,-15567,13585,39.7,183,252,43,459651
ABalapp:59,ABalapp,59,12393,-12607,-18310,-18310,12393,41.7,185,252,42,522289
ABalapp:60,ABalapp,60,12839,-12161,-17194,-17194,12839,41.1,184,252,43,544572
ABalp:20,ABalp,20,14649,-10351,163,163,14649,36.5,182,336,41,173168
ABalp:21,ABalp,21,14965,-10035,437,437,14965,38,186,334,42,185705
ABalp:22,ABalp,22,13560,-11440,-4622,-4622,13560,37.7,186,338,47,244883
ABalp:23,ABalp,23,12960,-12040,-4023,-4023,12960,35.6,200,361,47,336651
ABalp:24,ABalp,24,13618,-11382,-3624,-3624,13618,33.1,201,371,48,441263
ABalp:25,ABalp,25,14213,-10787,-10345,-10345,14213,28.8,184,358,49,491392
ABalp:26,ABalp,26,15911,-9089,-10287,-10287,15911,27,182,362,47,438575
ABalp:27,ABalp,27,15413,-9587,-8571,-8571,15413,26.4,192,364,48,488138
ABalp:28,ABalp,28,16367,-8633,-7575,-7575,16367,27.7,193,365,49,499021
ABalp:29,ABalp,29,15377,-9623,-4715,-4715,15377,29.4,173,359,50,580470
ABalp:30,ABalp,30,15927,-9073,-4574,-4574,15927,31.4,163,354,50,597698
ABalp:31,ABalp,31,17486,-7514,-3937,-3937,17486,33,163,356,49,657233
ABalp:32,ABalp,32,17479,-7521,497,497,17479,35,165,350,48,413581
ABalp:33,ABalp,33,11462,-13538,-655,-655,11462,39.8,188,346,41,245217
ABalpa:34,ABalpa,34,9047,-15953,1788,1788,9047,45.4,156,334,31,125976
ABalpa:35,ABalpa,35,8315,-16685,-1624,-1624,8315,46,148,330,39,138311
ABalpa:36,ABalpa,36,8256,-16744,-6595,-6595,8256,45.2,149,334,42,185279
ABalpa:37,ABalpa,37,8640,-16360,-5247,-5247,8640,46.3,142,340,43,209131
ABalpa:38,ABalpa,38,7475,-17525,-3268,-3268,7475,47.9,137,336,43,233593
ABalpa:39,ABalpa,39,7009,-17991,-5608,-5608,7009,46.9,132,336,46,319568
ABalpa:40,ABalpa,40,7612,-17388,-8291,-8291,7612,46.4,131,326,47,343663
ABalpa:41,ABalpa,41,6504,-18496,-8931,-8931,6504,45.3,129,323,46,380312
ABalpa:42,ABalpa,42,8294,-16706,-8820,-8820,8294,42,121,320,48,489220
ABalpa:43,ABalpa,43,9970,-15030,-7507,-7507,9970,40,135,330,48,503022
ABalpa:44,ABalpa,44,12017,-12983,-7762,-7762,12017,39.3,137,332,48,544854
ABalpa:45,ABalpa,45,11293,-13707,-8543,-8543,11293,40,138,337,49,598924
ABalpa:46,ABalpa,46,10787,-14213,-9128,-9128,10787,41.4,137,334,50,660576
ABalpa:47,ABalpa,47,12852,-12148,-7088,-7088,12852,41.3,149,338,48,673381
ABalpa:48,ABalpa,48,10670,-14330,-8502,-8502,10670,42.1,152,338,51,776429
ABalpa:49,ABalpa,49,11596,-13404,-6337,-6337,11596,42.3,152,332,50,799369
ABalpa:50,ABalpa,50,11573,-13427,-2176,-2176,11573,41.2,145,328,40,497024
ABalpaa:51,ABalpaa,51,11872,-13128,-2508,-2508,11872,40,132,315,30,238738
ABalpaa:52,ABalpaa,52,11821,-13179,-6709,-6709,11821,35.1,122,324,33,267444
ABalpaa:53,ABalpaa,53,13430,-11570,-8593,-8593,13430,35,128,324,39,370628
ABalpaa:54,ABalpaa,54,13614,-11386,-9252,-9252,13614,33.1,128,324,40,459886
ABalpaa:55,ABalpaa,55,13604,-11396,-6198,-6198,13604,31.4,125,330,40,460293
ABalpaa:56,ABalpaa,56,12825,-12175,-7135,-7135,12825,32.1,128,330,41,518207
ABalpaa:57,ABalpaa,57,14184,-10816,-7879,-7879,14184,33.2,129,330,42,637495
ABalpaa:58,ABalpaa,58,13897,-11103,-8390,-8390,13897,32.3,126,326,43,716979
ABalpaa:59,ABalpaa,59,14550,-10450,-8781,-8781,14550,33.2,131,334,42,729082
ABalpaa:60,ABalpaa,60,14458,-10542,-12758,-12758,14458,34.2,125,325,45,863632
ABalpap:51,ABalpap,51,11260,-13740,-1341,-1341,11260,44.1,159,352,30,208850
ABalpap:52,ABalpap,52,11328,-13672,-3585,-3585,11328,44.2,165,366,33,246817
ABalpap:53,ABalpap,53,10811,-14189,-9251,-9251,10811,45,164,372,39,363949
ABalpap:54,ABalpap,54,12208,-12792,-9223,-9223,12208,45,169,372,40,475279
ABalpap:55,ABalpap,55,14728,-10272,-6805,-6805,14728,43,190,392,38,470608
ABalpap:56,ABalpap,56,13381,-11619,-7635,-7635,13381,44,202,398,37,438631
ABalpap:57,ABalpap,57,14349,-10651,-8371,-8371,14349,42.7,200,399,42,684894
ABalpap:58,ABalpap,58,15783,-9217,-9071,-9071,15783,42.4,200,400,43,758661
ABalpap:59,ABalpap,59,13960,-11040,-10497,-10497,13960,43.5,204,400,44,847353
ABalpap:60,ABalpap,60,14181,-10819,-11220,-11220,14181,41.5,195,398,45,935448
ABalpp:34,ABalpp,34,10766,-14234,-128,-128,10766,32.6,206,357,37,107042
ABalpp:35,ABalpp,35,12372,-12628,-2963,-2963,12372,34,196,364,39,103121
ABalpp:36,ABalpp,36,12722,-12278,-5346,-5346,12722,34,196,368,38,132643
ABalpp:37,ABalpp,37,13076,-11924,-4693,-4693,13076,31.2,195,375,41,159747
ABalpp:38,ABalpp,38,13266,-11734,-4060,-4060,13266,28.2,212,386,43,199401
ABalpp:39,ABalpp,39,13013,-11987,-5562,-5562,13013,27,220,376,42,191290
ABalpp:40,ABalpp,40,15993,-9007,-5370,-5370,15993,26,222,376,43,208932
ABalpp:41,ABalpp,41,15177,-9823,-7253,-7253,15177,26,228,370,44,278416
ABalpp:42,ABalpp,42,14731,-10269,-3826,-3826,14731,25.3,218,378,46,285629
ABalpp:43,ABalpp,43,13442,-11558,-5746,-5746,13442,25.9,228,374,46,271151
ABalpp:44,ABalpp,44,14824,-10176,-4442,-4442,14824,26.4,220,371,48,349900
ABalpp:45,ABalpp,45,12808,-12192,-5710,-5710,12808,27.2,216,369,49,375751
ABalpp:46,ABalpp,46,12889,-12111,-6366,-6366,12889,27.6,208,372,50,442739
ABalpp:47,ABalpp,47,12187,-12813,-5637,-5637,12187,27.3,210,377,50,499567
ABalpp:48,ABalpp,48,13870,-11130,-5933,-5933,13870,27.4,214,376,51,606711
ABalpp:49,ABalpp,49,13539,-11461,-7194,-7194,13539,29.4,217,375,50,642423
ABalpp:50,ABalpp,50,14129,-10871,-6101,-6101,14129,30.1,223,380,50,675907
ABalpp:51,ABalpp,51,13164,-11836,-4168,-4168,13164,30,216,370,46,424558
ABalpp:52,ABalpp,52,12267,-12733,-7933,-7933,12267,29.6,225,372,47,383149
ABalppa:53,ABalppa,53,12722,-12278,-1666,-1666,12722,27.2,207,380,27,143186
ABalppa:54,ABalppa,54,15299,-9701,-6453,-6453,15299,28,204,380,36,260477
ABalppa:55,ABalppa,55,15882,-9118,-6673,-6673,15882,27.1,205,388,38,401016
ABalppa:56,ABalppa,56,15288,-9712,-4212,-4212,15288,26,212,390,37,387270
ABalppa:57,ABalppa,57,16741,-8259,-3395,-3395,16741,25,212,390,38,434861
ABalppa:58,ABalppa,58,17337,-7663,-5780,-5780,17337,27,206,386,39,510494
ABalppa:59,ABalppa,59,14364,-10636,-8077,-8077,14364,27,206,384,40,618710
ABalppa:60,ABalppa,60,20436,-4564,-4770,-4770,20436,26,204,382,41,651548
ABalppp:53,ABalppp,53,15343,-9657,-1598,-1598,15343,33.3,252,402,27,147186
ABalppp:54,ABalppp,54,15872,-9128,-5750,-5750,15872,32,268,408,36,292742
ABalppp:55,ABalppp,55,15367,-9633,-6929,-6929,15367,34.1,276,408,40,402356
ABalppp:56,ABalppp,56,15444,-9556,-3932,-3932,15444,36,296,406,37,380787
ABalppp:57,ABalppp,57,17445,-7555,-8707,-8707,17445,38,304,406,38,490145
ABalppp:58,ABalppp,58,16801,-8199,-11066,-11066,16801,36.8,301,407,41,590031
ABalppp:59,ABalppp,59,19349,-5651,-9790,-9794,19349,35.3,300,408,44,756444
ABalppp:60,ABalppp,60,19939,-5061,-8079,-8014,19939,34.3,294,410,43,752496
ABar:8,ABar,8,17435,-7565,2314,2314,17435,39,194,158,44,145001
ABar:9,ABar,9,18487,-6513,1022,1022,18487,40.1,194,158,48,258612
ABar:10,ABar,10,15380,-9620,-309,-309,15380,41,194,158,52,407398
ABar:11,ABar,11,13628,-11372,244,244,13628,43,220,186,54,526536
ABar:12,ABar,12,14664,-10336,460,460,14664,41.6,216,163,58,723394
ABar:13,ABar,13,14693,-10307,-458,-458,14693,39.8,229,151,57,725750
ABar:14,ABar,14,16134,-8866,1320,1320,16134,38.6,225,149,53,602116
ABar:15,ABar,15,15315,-9685,1818,1818,15315,38.5,238,152,52,633683
ABar:16,ABar,16,16681,-8319,2601,2601,16681,39.7,246,154,53,626363
ABar:17,ABar,17,17838,-7162,1655,1655,17838,39.3,239,145,57,732816
ABar:18,ABar,18,17144,-7856,1728,1728,17144,33.6,256,152,44,256216
ABar:19,ABar,19,17610,-7390,2524,2524,17610,31.2,262,168,46,255198
ABara:20,ABara,20,11669,-13331,-419,-419,11669,39.4,252,183,39,135143
ABara:21,ABara,21,11688,-13312,308,308,11688,40,264,180,42,152784
ABara:22,ABara,22,17009,-7991,-6140,-6140,17009,39,274,198,43,207804
ABara:23,ABara,23,16112,-8888,-6270,-6270,16112,40.3,274,210,47,267000
ABara:24,ABara,24,14327,-10673,-1829,-1829,14327,43,268,210,46,272002
ABara:25,ABara,25,13188,-11812,-3200,-3200,13188,44,270,210,45,243793
ABara:26,ABara,26,13800,-11200,-3136,-3136,13800,44.6,270,209,47,298702
ABara:27,ABara,27,15143,-9857,-6122,-6122,15143,43.7,256,202,48,330746
ABara:28,ABara,28,14748,-10252,-5300,-5300,14748,44.5,260,204,49,336479
ABara:29,ABara,29,15972,-9028,-6087,-6087,15972,43.8,270,197,48,374195
ABara:30,ABara,30,14275,-10725,-2477,-2477,14275,44.6,266,192,48,380290
ABara:31,ABara,31,17597,-7403,-1756,-1756,17597,44.1,270,186,49,430461
ABara:32,ABara,32,17463,-7537,2075,2075,17463,43,262,189,24,129934
ABaraa:33,ABaraa,33,8380,-16620,-482,-482,8380,50.2,241,191,21,40059
ABaraa:34,ABaraa,34,7362,-17638,2560,2560,7362,52.3,227,194,25,44982
ABaraa:35,ABaraa,35,6391,-18609,-3410,-3410,6391,53,226,194,39,85745
ABaraa:36,ABaraa,36,5736,-19264,-7329,-7329,5736,53.2,226,188,42,118326
ABaraa:37,ABaraa,37,7929,-17071,-5318,-5318,7929,52.5,226,186,43,132183
ABaraa:38,ABaraa,38,5286,-19714,-1482,-1482,5286,54,218,202,41,147947
ABaraa:39,ABaraa,39,4473,-20527,-5090,-5090,4473,53,210,200,42,180360
ABaraa:40,ABaraa,40,5119,-19881,-6892,-6892,5119,53,214,204,43,192351
ABaraa:41,ABaraa,41,6708,-18292,-6247,-6247,6708,52,216,206,44,232149
ABaraa:42,ABaraa,42,5595,-19405,-7084,-7084,5595,52,216,204,44,261904
ABaraa:43,ABaraa,43,6138,-18862,-6236,-6236,6138,52.8,206,198,46,321840
ABaraa:44,ABaraa,44,6686,-18314,-8138,-8138,6686,52.2,204,198,46,341467
ABaraa:45,ABaraa,45,6437,-18563,-7502,-7502,6437,53.1,203,200,47,349594
ABaraa:46,ABaraa,46,5875,-19125,-9350,-9350,5875,52,200,196,46,405007
ABaraa:47,ABaraa,47,6372,-18628,-7454,-7454,6372,53,198,194,46,421446
ABaraa:48,ABaraa,48,7507,-17493,-8970,-8970,7507,52.2,196,198,49,561079
ABaraa:49,ABaraa,49,8653,-16347,-8614,-8614,8653,52.1,198,195,48,599797
ABaraa:50,ABaraa,50,10031,-14969,-9549,-9549,10031,51.3,196,192,50,709672
ABaraa:51,ABaraa,51,8668,-16332,-3120,-3120,8668,49.2,197,190,34,343184
ABaraaa:52,ABaraaa,52,9466,-15534,-4137,-4137,9466,49.1,180,176,31,216079
ABaraaa:53,ABaraaa,53,10258,-14742,-6723,-6723,10258,49.2,168,182,37,272372
ABaraaa:54,ABaraaa,54,8950,-16050,-9374,-9374,8950,49,151,186,38,376874
ABaraaa:55,ABaraaa,55,9714,-15286,-9091,-9091,9714,50.3,147,192,40,503516
ABaraaa:56,ABaraaa,56,8899,-16101,-7631,-7631,8899,51.6,142,198,41,515256
ABaraaa:57,ABaraaa,57,8880,-16120,-6749,-6749,8880,52.7,142,200,40,548255
ABaraaa:58,ABaraaa,58,9651,-15349,-6330,-6330,9651,53.1,143,198,43,646473
ABaraaa:59,ABaraaa,59,9761,-15239,-9454,-9454,9761,52,149,195,42,685792
ABaraaa:60,ABaraaa,60,10007,-14993,-8545,-8545,10007,51.8,145,191,43,784154
ABaraap:52,ABaraap,52,9735,-15265,1815,1815,9735,49.2,216,216,23,87821
ABaraap:53,ABaraap,53,7559,-17441,-6816,-6816,7559,50.3,221,222,33,154433
ABaraap:54,ABaraap,54,8798,-16202,-7482,-7482,8798,52.7,216,228,38,285853
ABaraap:55,ABaraap,55,9353,-15647,-8314,-8314,9353,52.2,224,240,38,339507
ABaraap:56,ABaraap,56,8807,-16193,-12699,-12699,8807,52.4,234,255,41,415805
ABaraap:57,ABaraap,57,9217,-15783,-14685,-14685,9217,53,240,252,38,375117
ABaraap:58,ABaraap,58,8623,-16377,-11427,-11427,8623,53.7,236,250,41,476958
ABaraap:59,ABaraap,59,8160,-16840,-11609,-11609,8160,54,236,242,40,529355
ABaraap:60,ABaraap,60,6674,-18326,-13423,-13423,6674,53.9,225,240,43,651347
ABarap:33,ABarap,33,13878,-11122,695,695,13878,48,289,180,19,30491
ABarap:34,ABarap,34,5368,-19632,-469,-469,5368,51.3,294,178,27,57369
ABarap:35,ABarap,35,5819,-19181,-4623,-4623,5819,51,290,176,39,100589
ABarap:36,ABarap,36,5132,-19868,-5629,-5629,5132,50,288,170,38,91566
ABarap:37,ABarap,37,7805,-17195,-7160,-7160,7805,48.3,292,164,43,157404
ABarap:38,ABarap,38,8362,-16638,-7412,-7412,8362,49.2,300,160,43,181010
ABarap:39,ABarap,39,5629,-19371,-8611,-8611,5629,51.1,298,168,46,234520
ABarap:40,ABarap,40,5533,-19467,-9108,-9108,5533,51.2,291,180,47,238081
ABarap:41,ABarap,41,6237,-18763,-10099,-10099,6237,51.4,290,174,46,273588
ABarap:42,ABarap,42,6315,-18685,-9201,-9201,6315,51,294,180,44,264534
ABarap:43,ABarap,43,5957,-19043,-7920,-7920,5957,52,294,184,44,270077
ABarap:44,ABarap,44,8135,-16865,-6782,-6782,8135,51,292,182,44,275005
ABarap:45,ABarap,45,7242,-17758,-9203,-9203,7242,52,290,190,47,339269
ABarap:46,ABarap,46,6401,-18599,-7703,-7703,6401,53,286,182,46,355355
ABarap:47,ABarap,47,8981,-16019,-10177,-10177,8981,52.5,285,178,50,471143
ABarap:48,ABarap,48,9555,-15445,-11580,-11580,9555,51,280,184,47,490394
ABarap:49,ABarap,49,9732,-15268,-12102,-12102,9732,51.7,279,178,50,645602
ABarap:50,ABarap,50,9221,-15779,-10277,-10277,9221,51.9,282,178,48,639175
ABarap:51,ABarap,51,7794,-17206,-2369,-2369,7794,51.1,282,170,32,232907
ABarapa:52,ABarapa,52,11575,-13425,-2571,-2593,11575,49.2,268,150,27,148528
ABarapa:53,ABarapa,53,7821,-17179,-4433,-4433,7821,51.2,254,147,31,195830
ABarapa:54,ABarapa,54,8992,-16008,-7850,-7850,8992,52,244,156,36,305064
ABarapa:55,ABarapa,55,6944,-18056,-4970,-4970,6944,53,234,156,36,366318
ABarapa:56,ABarapa,56,7008,-17992,-4337,-4337,7008,53,224,161,39,412765
ABarapa:57,ABarapa,57,7478,-17522,-6480,-6480,7478,53,218,156,38,457446
ABarapa:58,ABarapa,58,8081,-16919,-8756,-8756,8081,53.1,212,154,43,628302
ABarapa:59,ABarapa,59,8587,-16413,-9462,-9462,8587,52.4,210,151,44,766466
ABarapa:60,ABarapa,60,9998,-15002,-8761,-8761,9998,52.1,207,146,43,780059
ABarapp:52,ABarapp,52,6801,-18199,-1208,-1206,6801,52.1,294,181,31,177174
ABarapp:53,ABarapp,53,7427,-17573,-637,-637,7427,52.1,308,183,27,145360
ABarapp:54,ABarapp,54,6674,-18326,-6639,-6639,6674,54,308,188,36,280060
ABarapp:55,ABarapp,55,7570,-17430,-6054,-6054,7570,54.9,312,180,38,338252
ABarapp:56,ABarapp,56,7685,-17315,-5387,-5387,7685,55,308,186,39,363796
ABarapp:57,ABarapp,57,9089,-15911,-9076,-9076,9089,55,324,190,40,457957
ABarapp:58,ABarapp,58,7048,-17952,-10307,-10307,7048,54.7,310,188,41,523912
ABarapp:59,ABarapp,59,8735,-16265,-11164,-11164,8735,54,316,184,40,580464
ABarapp:60,ABarapp,60,9657,-15343,-11343,-11341,9657,54,312,186,41,587215
ABarp:20,ABarp,20,14464,-10536,46,46,14464,26.7,266,156,39,111548
ABarp:21,ABarp,21,17113,-7887,274,274,17113,27,282,148,42,124457
ABarp:22,ABarp,22,17586,-7414,-4555,-4555,17586,25,278,154,43,129918
ABarp:23,ABarp,23,14585,-10415,-1960,-1960,14585,24.5,260,139,47,243943
ABarp:24,ABarp,24,13569,-11431,-2019,-2019,13569,23.1,263,120,48,353219
ABarp:25,ABarp,25,14466,-10534,-566,-566,14466,23.3,280,118,47,350666
ABarp:26,ABarp,26,14253,-10747,-1153,-1153,14253,22.1,278,115,47,334293
ABarp:27,ABarp,27,13893,-11107,-1151,-1151,13893,22.1,277,120,48,330136
ABarp:28,ABarp,28,14441,-10559,-2854,-2854,14441,21,288,115,49,341950
ABarp:29,ABarp,29,13917,-11083,-1903,-1903,13917,20.1,302,116,48,340128
ABarp:30,ABarp,30,14330,-10670,-492,-492,14330,21.3,300,120,50,312530
ABarp:31,ABarp,31,15526,-9474,-533,-533,15526,21.8,290,117,47,295218
ABarp:32,ABarp,32,12770,-12230,-750,-750,12770,22.2,288,127,24,78321
ABarpa:33,ABarpa,33,11130,-13870,12,12,11130,29.2,252,135,23,42644
ABarpa:34,ABarpa,34,7430,-17570,-1498,-1498,7430,30.1,253,127,27,44741
ABarpa:35,ABarpa,35,9577,-15423,-3752,-3752,9577,30,256,126,39,84149
ABarpa:36,ABarpa,36,7699,-17301,-1993,-1993,7699,29,254,130,38,73445
ABarpa:37,ABarpa,37,8943,-16057,-4183,-4183,8943,27.9,250,118,41,138969
ABarpa:38,ABarpa,38,9862,-15138,-3695,-3695,9862,29.2,236,118,43,217137
ABarpa:39,ABarpa,39,9347,-15653,-3185,-3185,9347,32,236,122,42,231420
ABarpa:40,ABarpa,40,8979,-16021,-5900,-5900,8979,33.1,233,121,45,264427
ABarpa:41,ABarpa,41,8864,-16136,-7607,-7607,8864,33,237,131,46,299077
ABarpa:42,ABarpa,42,8599,-16401,-7820,-7820,8599,33,242,130,46,270729
ABarpa:43,ABarpa,43,8105,-16895,-7405,-7405,8105,32.1,236,133,46,311685
ABarpa:44,ABarpa,44,9400,-15600,-5437,-5437,9400,33,234,132,44,285201
ABarpa:45,ABarpa,45,8362,-16638,-7754,-7754,8362,33.1,231,128,49,434478
ABarpa:46,ABarpa,46,9176,-15824,-5650,-5650,9176,33,230,128,46,378710
ABarpa:47,ABarpa,47,7874,-17126,-9220,-9220,7874,31,215,130,48,460116
ABarpa:48,ABarpa,48,9477,-15523,-8400,-8400,9477,32,216,130,47,461409
ABarpa:49,ABarpa,49,8681,-16319,-6601,-6601,8681,31,224,136,46,432124
ABarpa:50,ABarpa,50,8987,-16013,-6984,-6984,8987,30.1,232,135,48,477036
ABarpa:51,ABarpa,51,11869,-13131,-1060,-1060,11869,29.9,238,138,44,306480
ABarpa:52,ABarpa,52,11306,-13694,-587,-587,11306,30,222,138,43,425798
ABarpaa:53,ABarpaa,53,10410,-14590,-231,-231,10410,31.3,201,137,29,164235
ABarpaa:54,ABarpaa,54,11166,-13834,-6059,-6059,11166,33,202,136,36,262669
ABarpaa:55,ABarpaa,55,13164,-11836,-4076,-4076,13164,33,190,142,36,305244
ABarpaa:56,ABarpaa,56,11371,-13629,-5582,-5582,11371,36.5,180,136,41,476944
ABarpaa:57,ABarpaa,57,12172,-12828,-5928,-5928,12172,37.5,173,135,42,636462
ABarpaa:58,ABarpaa,58,10417,-14583,-6770,-6770,10417,37,173,135,43,691634
ABarpaa:59,ABarpaa,59,11546,-13454,-6298,-6298,11546,35.6,172,137,44,802206
ABarpaa:60,ABarpaa,60,11298,-13702,-7223,-7223,11298,33.7,179,134,43,795883
ABarpap:53,ABarpap,53,12837,-12163,-569,-569,12837,35.2,234,178,27,122742
ABarpap:54,ABarpap,54,13700,-11300,-4861,-4861,13700,38.8,234,191,34,209627
ABarpap:55,ABarpap,55,16416,-8584,-9458,-9458,16416,38,238,198,36,261995
ABarpap:56,ABarpap,56,18324,-6676,-6475,-6634,18324,37.3,240,205,41,379626
ABarpap:57,ABarpap,57,16751,-8249,-7198,-7198,16751,39,254,210,38,305051
ABarpap:58,ABarpap,58,20416,-4584,-9148,-9151,20416,40,264,204,39,312689
ABarpap:59,ABarpap,59,21448,-3552,-10986,-10986,21448,40,270,202,40,407687
ABarpap:60,ABarpap,60,21241,-3759,-9316,-9316,21241,41,260,198,41,449858
ABarpp:33,ABarpp,33,12347,-12653,1661,1661,12347,27.1,308,142,21,37451
ABarpp:34,ABarpp,34,11691,-13309,1340,1340,11691,25.2,328,137,27,40422
ABarpp:35,ABarpp,35,11174,-13826,-2658,-2658,11174,27,334,142,39,48401
ABarpp:36,ABarpp,36,9630,-15370,-3512,-3512,9630,27.2,352,140,42,79043
ABarpp:37,ABarpp,37,10428,-14572,-2095,-2095,10428,27,368,138,39,84714
ABarpp:38,ABarpp,38,10736,-14264,-6959,-6959,10736,26.9,375,129,43,162865
ABarpp:39,ABarpp,39,12490,-12510,-1474,-1474,12490,30,368,122,42,199478
ABarpp:40,ABarpp,40,10263,-14737,-2977,-2977,10263,29,358,126,43,208275
ABarpp:41,ABarpp,41,9503,-15497,-4973,-4973,9503,28,362,128,44,199788
ABarpp:42,ABarpp,42,9459,-15541,-2071,-2071,9459,27,356,126,44,230968
ABarpp:43,ABarpp,43,11633,-13367,-1771,-1771,11633,26.9,355,118,46,304683
ABarpp:44,ABarpp,44,10039,-14961,-4413,-4413,10039,27.9,348,121,46,315923
ABarpp:45,ABarpp,45,9483,-15517,-3487,-3487,9483,29,346,122,45,346955
ABarpp:46,ABarpp,46,10818,-14182,-4167,-4167,10818,30,344,120,46,424772
ABarpp:47,ABarpp,47,10335,-14665,-5450,-5450,10335,29,334,120,46,413340
ABarpp:48,ABarpp,48,13796,-11204,-3654,-3652,13796,29,330,118,47,493753
ABarpp:49,ABarpp,49,13069,-11931,-3218,-3218,13069,27.2,331,115,48,559437
ABarpp:50,ABarpp,50,12490,-12510,-3654,-3654,12490,25.3,334,126,48,495311
ABarpp:51,ABarpp,51,13376,-11624,-2945,-2945,13376,27,338,130,46,510545
ABarpp:52,ABarpp,52,10775,-14225,-3083,-3083,10775,26.2,330,134,47,502350
ABarpp:53,ABarpp,53,11558,-13442,78,78,11558,28,314,140,39,226885
ABarpp:54,ABarpp,54,13132,-11868,2084,2084,13132,28.1,289,126,24,143971
ABarppa:55,ABarppa,55,10687,-14313,-441,-441,10687,25,264,138,22,66404
ABarppa:56,ABarppa,56,12746,-12254,-825,-825,12746,25.2,253,136,33,155947
ABarppa:57,ABarppa,57,12469,-12531,-8264,-8264,12469,25,244,134,38,305817
ABarppa:58,ABarppa,58,10736,-14264,-6088,-6088,10736,24,244,132,39,323818
ABarppa:59,ABarppa,59,11657,-13343,-5847,-5847,11657,23,246,134,40,443502
ABarppa:60,ABarppa,60,10572,-14428,-8638,-8638,10572,24,252,138,41,427141
ABarppp:55,ABarppp,55,13638,-11362,-923,-923,13638,26.2,318,125,24,91378
ABarppp:56,ABarppp,56,11326,-13674,-5059,-5059,11326,26.3,314,119,33,179935
ABarppp:57,ABarppp,57,13439,-11561,-8717,-8717,13439,27,308,114,38,302291
ABarppp:58,ABarppp,58,12502,-12498,-11811,-11811,12502,26,316,110,43,443405
ABarppp:59,ABarppp,59,13069,-11931,-9700,-9696,13069,25,335,112,42,527953
ABarppp:60,ABarppp,60,17822,-7178,-10117,-10015,17822,27.2,346,113,43,615454
ABp:1,ABp,1,17978,-7022,3082,3082,17978,35.8,346,142,76,1424085
ABp:2,ABp,2,20031,-4969,5704,5704,20031,33,350,145,69,1199008
ABp:3,ABp,3,21443,-3557,6730,6730,21443,31.8,369,166,68,1215625
ABp:4,ABp,4,22477,-2523,7289,7289,22477,32,382,164,67,1082700
ABp:5,ABp,5,21200,-3800,5905,5905,21200,31.2,391,180,60,174145
ABp:6,ABp,6,20424,-4576,5583,5583,20424,30.7,381,188,50,211236
ABp:7,ABp,7,15607,-9393,2548,2548,15607,31,394,188,59,149130
ABpl:8,ABpl,8,14579,-10421,1462,1462,14579,23.3,383,176,40,40848
ABpl:9,ABpl,9,21392,-3608,-2455,-2455,21392,23.4,377,174,50,121054
ABpl:10,ABpl,10,19093,-5907,-3799,-3799,19093,21,360,178,52,222364
ABpl:11,ABpl,11,17777,-7223,-1365,-1365,17777,18,354,182,54,273953
ABpl:12,ABpl,12,16818,-8182,-2326,-2326,16818,18,348,198,54,256627
ABpl:13,ABpl,13,16843,-8157,-2349,-2349,16843,18.9,351,225,53,308659
ABpl:14,ABpl,14,16464,-8536,-446,-446,16464,18.9,332,247,53,324373
ABpl:15,ABpl,15,16430,-8570,-244,-244,16430,18.6,325,270,52,299512
ABpl:16,ABpl,16,18044,-6956,74,74,18044,19.3,326,274,53,356814
ABpl:17,ABpl,17,19966,-5034,1271,1271,19966,19,324,290,51,208307
ABpl:18,ABpl,18,18849,-6151,1797,1797,18849,19.1,322,314,46,259358
ABpla:19,ABpla,19,14856,-10144,-357,-341,14856,19.2,310,303,32,84268
ABpla:20,ABpla,20,17563,-7437,902,902,17563,17.2,282,300,35,63650
ABpla:21,ABpla,21,18295,-6705,-4426,-4426,18295,17,266,296,42,58118
ABpla:22,ABpla,22,17772,-7228,-3302,-3302,17772,17,260,292,43,96106
ABpla:23,ABpla,23,16759,-8241,-1409,-1409,16759,17,252,280,45,120628
ABpla:24,ABpla,24,13527,-11473,-1183,-1183,13527,17,234,266,46,145095
ABpla:25,ABpla,25,12936,-12064,-707,-707,12936,18.3,228,244,49,163110
ABpla:26,ABpla,26,11982,-13018,-1479,-1479,11982,17.3,223,244,47,143205
ABpla:27,ABpla,27,13261,-11739,-220,-220,13261,18.2,228,251,48,203425
ABpla:28,ABpla,28,13441,-11559,-1336,-1336,13441,18.7,233,251,47,198366
ABpla:29,ABpla,29,12728,-12272,-1154,-1154,12728,19,228,250,46,173784
ABpla:30,ABpla,30,15323,-9677,310,310,15323,18.7,224,258,48,218011
ABpla:31,ABpla,31,13451,-11549,-2269,-2269,13451,16.1,224,255,35,60456
ABpla:32,ABpla,32,15519,-9481,-23,-23,15519,20.2,216,256,22,62888
ABplaa:33,ABplaa,33,11083,-13917,-1525,-1525,11083,28.1,197,268,23,53435
ABplaa:34,ABplaa,34,11914,-13086,1496,1496,11914,27.2,206,262,31,44082
ABplaa:35,ABplaa,35,9819,-15181,-6299,-6299,9819,27,210,266,39,59633
ABplaa:36,ABplaa,36,10165,-14835,-1332,-1332,10165,28,212,266,38,90708
ABplaa:37,ABplaa,37,10735,-14265,-4956,-4956,10735,26.3,197,265,43,116722
ABplaa:38,ABplaa,38,10496,-14504,-4102,-4102,10496,25.3,196,267,45,125501
ABplaa:39,ABplaa,39,11252,-13748,-3978,-3978,11252,24.4,177,254,44,173658
ABplaa:40,ABplaa,40,10447,-14553,-4933,-4933,10447,24,180,252,43,147769
ABplaa:41,ABplaa,41,10753,-14247,-6282,-6282,10753,25,187,242,46,169348
ABplaa:42,ABplaa,42,10363,-14637,-4313,-4313,10363,24.2,186,252,46,211398
ABplaa:43,ABplaa,43,11258,-13742,-4678,-4678,11258,25,192,248,44,202732
ABplaa:44,ABplaa,44,12518,-12482,-5866,-5866,12518,24.4,182,251,48,292191
ABplaa:45,ABplaa,45,10476,-14524,-7526,-7526,10476,25.3,189,259,49,297515
ABplaa:46,ABplaa,46,10115,-14885,-6543,-6543,10115,24.9,178,262,48,309723
ABplaa:47,ABplaa,47,11452,-13548,-4991,-4991,11452,25,176,266,46,324241
ABplaa:48,ABplaa,48,12005,-12995,-7188,-7188,12005,25.3,181,264,51,402307
ABplaa:49,ABplaa,49,12160,-12840,-5995,-5995,12160,25,183,272,50,472503
ABplaa:50,ABplaa,50,13113,-11887,-5439,-5439,13113,25.2,186,280,50,496467
ABplaa:51,ABplaa,51,11895,-13105,-5742,-5742,11895,27,194,270,44,382532
ABplaaa:52,ABplaaa,52,12992,-12008,-6142,-6142,12992,23,187,253,29,126974
ABplaaa:53,ABplaaa,53,14559,-10441,-4288,-4288,14559,24.1,180,260,35,180432
ABplaaa:54,ABplaaa,54,17392,-7608,-3130,-3130,17392,23,178,252,36,230514
ABplaaa:55,ABplaaa,55,14853,-10147,-5052,-5052,14853,23,172,250,36,260876
ABplaaa:56,ABplaaa,56,11709,-13291,-8565,-8565,11709,24,164,246,37,301406
ABplaaa:57,ABplaaa,57,16821,-8179,-3919,-3919,16821,22.9,152,242,40,455159
ABplaaa:58,ABplaaa,58,19440,-5560,-1756,-1750,19440,22.1,143,229,43,587898
ABplaaa:59,ABplaaa,59,16778,-8222,-4561,-4561,16778,23,150,237,42,615238
ABplaaa:60,ABplaaa,60,16479,-8521,-5633,-5633,16479,22.4,148,234,45,713618
ABplaap:52,ABplaap,52,11096,-13904,-1116,-1116,11096,28.3,213,292,33,159954
ABplaap:53,ABplaap,53,8632,-16368,-2970,-2970,8632,28.2,218,304,35,153151
ABplaap:54,ABplaap,54,10768,-14232,-4156,-4156,10768,30,218,302,36,194435
ABplaap:55,ABplaap,55,10287,-14713,-3759,-3759,10287,29,224,306,36,223446
ABplaap:56,ABplaap,56,10528,-14472,-10645,-10645,10528,30,230,317,39,271864
ABplaap:57,ABplaap,57,14578,-10422,-14195,-14195,14578,29.8,232,322,40,398119
ABplaap:58,ABplaap,58,13481,-11519,-13875,-13875,13481,27.8,222,319,41,467966
ABplaap:59,ABplaap,59,13487,-11513,-15616,-15616,13487,28,232,318,40,541890
ABplaap:60,ABplaap,60,13266,-11734,-12918,-12918,13266,26.7,224,312,43,572117
ABplap:33,ABplap,33,11359,-13641,1263,1263,11359,25.1,261,250,23,24171
ABplap:34,ABplap,34,11138,-13862,1077,1077,11138,24.1,281,256,23,11318
ABplap:35,ABplap,35,10283,-14717,-850,-850,10283,23.5,285,255,35,18298
ABplap:36,ABplap,36,10036,-14964,-1563,-1563,10036,25.1,295,253,40,37982
ABplap:37,ABplap,37,12186,-12814,-4190,-4190,12186,24,312,262,39,33872
ABplap:38,ABplap,38,12146,-12854,-7659,-7659,12146,25,318,252,41,54298
ABplap:39,ABplap,39,12807,-12193,-6229,-6229,12807,25,312,242,42,81705
ABplap:40,ABplap,40,14877,-10123,-5073,-5073,14877,25,312,248,43,91350
ABplap:41,ABplap,41,13394,-11606,-5868,-5868,13394,25,308,246,44,116260
ABplap:42,ABplap,42,9356,-15644,-5763,-5763,9356,25,300,244,44,118768
ABplap:43,ABplap,43,9883,-15117,-7219,-7219,9883,25,296,244,44,112263
ABplap:44,ABplap,44,9652,-15348,-8372,-8372,9652,26,282,236,44,143254
ABplap:45,ABplap,45,10423,-14577,-9645,-9645,10423,26.3,281,234,47,210659
ABplap:46,ABplap,46,10236,-14764,-6618,-6618,10236,25,282,238,46,209086
ABplap:47,ABplap,47,10873,-14127,-8061,-8061,10873,26,276,242,46,269512
ABplap:48,ABplap,48,12047,-12953,-6132,-6132,12047,28,286,232,47,288718
ABplap:49,ABplap,49,11831,-13169,-5009,-5009,11831,28.8,290,238,48,355919
ABplap:50,ABplap,50,10926,-14074,-2256,-2256,10926,28,292,236,44,202616
ABplap:51,ABplap,51,10037,-14963,-836,-836,10037,28.2,294,236,34,263069
ABplapa:52,ABplapa,52,10785,-14215,-470,-470,10785,25.2,277,220,31,82158
ABplapa:53,ABplapa,53,10302,-14698,-10140,-10140,10302,27,266,228,39,125277
ABplapa:54,ABplapa,54,10845,-14155,-7692,-7692,10845,28,262,232,36,182548
ABplapa:55,ABplapa,55,14798,-10202,-5826,-5826,14798,26.9,250,230,38,230393
ABplapa:56,ABplapa,56,15234,-9766,-4996,-4886,15234,27,240,220,37,269516
ABplapa:57,ABplapa,57,14695,-10305,-6366,-6366,14695,27,236,222,38,282787
ABplapa:58,ABplapa,58,15102,-9898,-7340,-7340,15102,29,236,222,39,303726
ABplapa:59,ABplapa,59,14877,-10123,-9023,-9023,14877,27,226,224,40,379431
ABplapa:60,ABplapa,60,13385,-11615,-13716,-13716,13385,27.2,230,221,43,411534
ABplapp:52,ABplapp,52,11415,-13585,-2238,-2238,11415,29.3,312,272,27,96037
ABplapp:53,ABplapp,53,13601,-11399,-9537,-9537,13601,29,308,286,39,167463
ABplapp:54,ABplapp,54,16698,-8302,-5445,-5445,16698,28,310,290,38,213563
ABplapp:55,ABplapp,55,17273,-7727,-5973,-5950,17273,28,314,286,36,223469
ABplapp:56,ABplapp,56,18661,-6339,-4854,-4798,18661,27.1,308,284,41,296286
ABplapp:57,ABplapp,57,19803,-5197,-3872,-3851,19803,28,304,284,38,258801
ABplapp:58,ABplapp,58,14940,-10060,-9747,-9743,14940,26.8,290,282,41,335697
ABplapp:59,ABplapp,59,13568,-11432,-10776,-10789,13568,26.2,292,280,42,381349
ABplapp:60,ABplapp,60,13352,-11648,-11458,-11404,13352,26.1,290,282,43,463759
ABplp:19,ABplp,19,16611,-8389,914,905,16611,23,338,338,34,76918
ABplp:20,ABplp,20,15404,-9596,-329,-329,15404,22.3,338,342,35,98724
ABplp:21,ABplp,21,19744,-5256,-7061,-7061,19744,22,336,332,42,146827
ABplp:22,ABplp,22,28334,3334,-3299,-3299,28334,20,340,336,43,167774
ABplp:23,ABplp,23,29216,4216,-2580,-2580,29216,18,358,334,45,166315
ABplp:24,ABplp,24,27680,2680,-6275,-6275,27680,18,374,330,46,159753
ABplp:25,ABplp,25,26648,1648,-4974,-4974,26648,18.2,368,349,47,148211
ABplp:26,ABplp,26,23891,-1109,-2874,-2874,23891,16.5,374,350,47,178600
ABplp:27,ABplp,27,21668,-3332,-2104,-2104,21668,18,384,352,44,166964
ABplp:28,ABplp,28,18144,-6856,-5081,-5081,18144,17.6,378,372,49,224057
ABplp:29,ABplp,29,16664,-8336,-6935,-6935,16664,17.8,357,371,48,219713
ABplp:30,ABplp,30,15273,-9727,-2532,-2532,15273,17.7,339,370,48,196210
ABplp:31,ABplp,31,17446,-7554,-1156,-1156,17446,18.1,335,374,49,234173
ABplp:32,ABplp,32,15942,-9058,-826,-826,15942,20.1,328,374,40,169696
ABplpa:33,ABplpa,33,14742,-10258,-440,-440,14742,31.1,317,369,23,31816
ABplpa:34,ABplpa,34,9611,-15389,-921,-921,9611,28.2,307,383,25,46977
ABplpa:35,ABplpa,35,13355,-11645,-6840,-6840,13355,30,308,396,39,72388
ABplpa:36,ABplpa,36,10868,-14132,-8673,-8673,10868,30,308,402,38,98217
ABplpa:37,ABplpa,37,11558,-13442,-8059,-8059,11558,29,304,412,39,155269
ABplpa:38,ABplpa,38,10675,-14325,-7985,-7985,10675,28,308,408,41,172129
ABplpa:39,ABplpa,39,10815,-14185,-9905,-9905,10815,28,306,404,42,173765
ABplpa:40,ABplpa,40,10834,-14166,-11467,-11467,10834,28,308,402,43,201525
ABplpa:41,ABplpa,41,9695,-15305,-15493,-15493,9695,29,306,394,44,239251
ABplpa:42,ABplpa,42,10720,-14280,-10922,-10922,10720,29,320,396,44,249789
ABplpa:43,ABplpa,43,11977,-13023,-12566,-12566,11977,28.8,323,394,46,289395
ABplpa:44,ABplpa,44,12860,-12140,-13936,-13936,12860,26.8,317,390,46,297939
ABplpa:45,ABplpa,45,13991,-11009,-13669,-13669,13991,26.1,320,390,49,360606
ABplpa:46,ABplpa,46,12988,-12012,-13578,-13578,12988,27.1,310,390,48,395906
ABplpa:47,ABplpa,47,12291,-12709,-14300,-14300,12291,26.9,306,390,48,503778
ABplpa:48,ABplpa,48,15978,-9022,-14409,-14409,15978,25.7,307,386,49,550369
ABplpa:49,ABplpa,49,13716,-11284,-9721,-9721,13716,25,314,382,46,436081
ABplpa:50,ABplpa,50,14607,-10393,-11350,-11350,14607,25.2,314,384,50,507526
ABplpa:51,ABplpa,51,13283,-11717,-8223,-8223,13283,26.2,306,375,40,249747
ABplpa:52,ABplpa,52,13209,-11791,-1104,-1104,13209,24.4,318,382,35,264723
ABplpaa:53,ABplpaa,53,16996,-8004,50,50,16996,23.1,306,388,25,107165
ABplpaa:54,ABplpaa,54,19491,-5509,-4355,-4355,19491,23,310,390,36,196795
ABplpaa:55,ABplpaa,55,19998,-5002,-3194,-3194,19998,22.2,306,389,38,272301
ABplpaa:56,ABplpaa,56,16198,-8802,-5489,-5489,16198,22.2,308,386,39,289261
ABplpaa:57,ABplpaa,57,16218,-8782,-3020,-3020,16218,22,302,388,38,294712
ABplpaa:58,ABplpaa,58,14058,-10942,-4815,-4815,14058,22,296,380,39,297550
ABplpaa:59,ABplpaa,59,16795,-8205,-3891,-3840,16795,23,296,386,40,448941
ABplpaa:60,ABplpaa,60,21027,-3973,-970,-880,21027,23,302,388,41,514822
ABplpap:53,ABplpap,53,14153,-10847,-3433,-3433,14153,30.2,355,406,31,184257
ABplpap:54,ABplpap,54,18591,-6409,-9263,-9263,18591,31,370,406,36,254209
ABplpap:55,ABplpap,55,17301,-7699,-10588,-10588,17301,29,374,410,36,307890
ABplpap:56,ABplpap,56,17693,-7307,-11735,-11735,17693,27.3,381,412,41,457781
ABplpap:57,ABplpap,57,16585,-8415,-10011,-10011,16585,29.6,398,414,40,495779
ABplpap:58,ABplpap,58,17250,-7750,-9610,-9611,17250,29.3,398,416,43,638263
ABplpap:59,ABplpap,59,19263,-5737,-10315,-9895,19263,30.8,404,418,42,771986
ABplpap:60,ABplpap,60,18136,-6864,-13027,-12307,18136,31,400,416,41,740020
ABplpp:33,ABplpp,33,13468,-11532,-2281,-2281,13468,28.2,354,358,25,34753
ABplpp:34,ABplpp,34,9563,-15437,-3660,-3660,9563,25.1,374,364,25,56940
ABplpp:35,ABplpp,35,18755,-6245,-2022,-2022,18755,27,374,366,39,73323
ABplpp:36,ABplpp,36,18388,-6612,-1452,-1452,18388,26,380,372,38,84629
ABplpp:37,ABplpp,37,15055,-9945,-3078,-3078,15055,24,390,372,39,128529
ABplpp:38,ABplpp,38,19386,-5614,-6146,-6146,19386,24,408,372,41,149975
ABplpp:39,ABplpp,39,18360,-6640,-2921,-2921,18360,23,408,368,42,195493
ABplpp:40,ABplpp,40,19353,-5647,-1149,-1149,19353,23,410,364,43,199791
ABplpp:41,ABplpp,41,22624,-2376,-74,-74,22624,23,406,368,44,220957
ABplpp:42,ABplpp,42,19634,-5366,-1679,-1679,19634,23,404,368,44,245907
ABplpp:43,ABplpp,43,18665,-6335,-4300,-4300,18665,23,408,364,44,195489
ABplpp:44,ABplpp,44,18752,-6248,-3499,-3499,18752,24,400,352,44,217869
ABplpp:45,ABplpp,45,21148,-3852,-3225,-3225,21148,24,398,362,45,214726
ABplpp:46,ABplpp,46,17919,-7081,-8066,-8066,17919,23,390,364,46,249705
ABplpp:47,ABplpp,47,20225,-4775,-7830,-7830,20225,23.1,386,365,48,294454
ABplpp:48,ABplpp,48,21226,-3774,-6191,-6191,21226,23,404,378,47,313466
ABplpp:49,ABplpp,49,20733,-4267,-5522,-5522,20733,24,410,384,46,335485
ABplpp:50,ABplpp,50,16408,-8592,-9488,-9488,16408,24,406,380,46,423317
ABplpp:51,ABplpp,51,16110,-8890,-7464,-7464,16110,24,400,365,44,285141
ABplpp:52,ABplpp,52,16561,-8439,-4472,-4472,16561,24,400,356,43,190188
ABplpp:53,ABplpp,53,18741,-6259,-634,-634,18741,25,399,342,33,148265
ABplppa:54,ABplppa,54,18623,-6377,516,516,18623,22.1,390,346,26,60874
ABplppa:55,ABplppa,55,20699,-4301,-1806,-1806,20699,22.2,393,349,32,68314
ABplppa:56,ABplppa,56,19613,-5387,-6466,-6466,19613,22,400,348,37,148467
ABplppa:57,ABplppa,57,19911,-5089,-4818,-4818,19911,21,396,352,38,202774
ABplppa:58,ABplppa,58,18997,-6003,-10241,-10237,18997,22,384,356,39,268160
ABplppa:59,ABplppa,59,23933,-1067,-6921,-6928,23933,22,384,360,40,319704
ABplppa:60,ABplppa,60,23624,-1376,-6910,-6910,23624,22,384,360,41,346259
ABplppp:54,ABplppp,54,13629,-11371,-3832,-3832,13629,28.2,435,371,24,119036
ABplppp:55,ABplppp,55,15941,-9059,-13267,-13267,15941,29.1,448,362,34,198458
ABplppp:56,ABplppp,56,17910,-7090,-15450,-15450,17910,28,462,356,37,229110
ABplppp:57,ABplppp,57,21909,-3091,-15889,-15889,21909,30,468,350,38,322748
ABplppp:58,ABplppp,58,17452,-7548,-16514,-16514,17452,31,484,372,39,413283
ABplppp:59,ABplppp,59,14916,-10084,-16687,-16687,14916,33,486,386,40,568666
ABplppp:60,ABplppp,60,15172,-9828,-16628,-16628,15172,33,474,390,41,620270
ABpr:8,ABpr,8,16822,-8178,3631,3631,16822,36.5,423,184,44,141586
ABpr:9,ABpr,9,22182,-2818,-1461,-1461,22182,37,502,150,52,336456
ABpr:10,ABpr,10,22192,-2808,-2752,-2752,22192,38,502,150,52,477672
ABpr:11,ABpr,11,18035,-6965,-3205,-3205,18035,40,420,166,54,563882
ABpr:12,ABpr,12,15624,-9376,-337,-337,15624,42.4,409,158,58,681603
ABpr:13,ABpr,13,15684,-9316,-1615,-1615,15684,43.1,404,163,57,637471
ABpr:14,ABpr,14,15033,-9967,-3587,-3587,15033,43.4,402,164,53,500506
ABpr:15,ABpr,15,14024,-10976,-4465,-4465,14024,44.4,422,185,52,493132
ABpr:16,ABpr,16,13904,-11096,427,427,13904,44.6,433,197,53,524559
ABpr:17,ABpr,17,16409,-8591,2284,2284,16409,43.3,428,187,57,600902
ABpr:18,ABpr,18,16181,-8819,2962,2962,16181,40.7,416,166,52,429806
ABpra:19,ABpra,19,15903,-9097,1812,1855,15903,36.2,400,154,38,174958
ABpra:20,ABpra,20,12051,-12949,1039,1039,12051,41.6,393,148,39,168211
ABpra:21,ABpra,21,12898,-12102,-6051,-6051,12898,41,408,146,42,180476
ABpra:22,ABpra,22,12452,-12548,-7049,-7049,12452,40,398,148,43,199473
ABpra:23,ABpra,23,10521,-14479,-3622,-3622,10521,43,388,142,45,234519
ABpra:24,ABpra,24,10257,-14743,-1600,-1600,10257,43.7,379,133,48,340668
ABpra:25,ABpra,25,10294,-14706,-2620,-2620,10294,41.7,384,119,49,380334
ABpra:26,ABpra,26,13068,-11932,-163,-163,13068,40.2,382,124,47,357053
ABpra:27,ABpra,27,12583,-12417,-1877,-1877,12583,39.9,376,116,48,416009
ABpra:28,ABpra,28,13381,-11619,-3513,-3513,13381,39.8,383,111,49,456924
ABpra:29,ABpra,29,13104,-11896,-1729,-1729,13104,39.7,392,116,50,510483
ABpra:30,ABpra,30,12656,-12344,-869,-869,12656,39.5,403,124,50,495395
ABpra:31,ABpra,31,13324,-11676,835,835,13324,40.1,406,132,49,443948
ABpra:32,ABpra,32,12067,-12933,-1138,-1138,12067,36,402,140,20,73216
ABpraa:33,ABpraa,33,7837,-17163,-739,-739,7837,43.1,371,124,25,57765
ABpraa:34,ABpraa,34,6829,-18171,-149,-149,6829,46.3,373,111,27,65464
ABpraa:35,ABpraa,35,11812,-13188,-3522,-3522,11812,44,376,118,39,99245
ABpraa:36,ABpraa,36,8126,-16874,-7945,-7945,8126,44,378,109,40,147534
ABpraa:37,ABpraa,37,7081,-17919,-4850,-4850,7081,46.3,369,103,43,208358
ABpraa:38,ABpraa,38,8138,-16862,-3608,-3608,8138,47.3,362,108,45,246973
ABpraa:39,ABpraa,39,8703,-16297,-3298,-3298,8703,47,354,108,42,252665
ABpraa:40,ABpraa,40,6530,-18470,-4165,-4165,6530,48.4,343,111,47,330781
ABpraa:41,ABpraa,41,6649,-18351,-2356,-2356,6649,49,352,112,44,311608
ABpraa:42,ABpraa,42,8232,-16768,-2893,-2893,8232,48.3,351,109,48,400298
ABpraa:43,ABpraa,43,8920,-16080,-4462,-4462,8920,47.3,338,106,48,469236
ABpraa:44,ABpraa,44,8411,-16589,-5188,-5188,8411,48.2,334,109,48,479910
ABpraa:45,ABpraa,45,10753,-14247,-2092,-2092,10753,47.4,339,116,49,465131
ABpraa:46,ABpraa,46,8325,-16675,-4668,-4668,8325,48.3,338,111,50,578971
ABpraa:47,ABpraa,47,9360,-15640,-3800,-3800,9360,48,340,114,48,617758
ABpraa:48,ABpraa,48,12665,-12335,-5244,-5243,12665,45.5,330,119,51,737523
ABpraa:49,ABpraa,49,10555,-14445,-5950,-5950,10555,45.3,336,114,50,764403
ABpraa:50,ABpraa,50,8932,-16068,-1470,-1470,8932,46.1,331,116,42,363511
ABpraa:51,ABpraa,51,10307,-14693,-4475,-4475,10307,43.4,330,111,42,511646
ABpraaa:52,ABpraaa,52,12369,-12631,-445,-445,12369,42,310,96,27,193499
ABpraaa:53,ABpraaa,53,12352,-12648,-7795,-7795,12352,42.7,291,97,35,312809
ABpraaa:54,ABpraaa,54,14343,-10657,-6610,-6610,14343,44,282,104,36,361690
ABpraaa:55,ABpraaa,55,11868,-13132,-10413,-10413,11868,43.2,267,98,40,586870
ABpraaa:56,ABpraaa,56,11461,-13539,-11483,-11483,11461,43.2,258,98,41,655565
ABpraaa:57,ABpraaa,57,14652,-10348,-13578,-13578,14652,41.5,254,101,42,744877
ABpraaa:58,ABpraaa,58,13477,-11523,-12504,-12504,13477,41.4,258,98,43,827700
ABpraaa:59,ABpraaa,59,13495,-11505,-10974,-10974,13495,40,262,100,40,807602
ABpraaa:60,ABpraaa,60,13629,-11371,-16368,-16368,13629,39.1,259,98,45,1017930
ABpraap:52,ABpraap,52,8755,-16245,-504,-504,8755,48.3,359,123,31,174417
ABpraap:53,ABpraap,53,6811,-18189,-7670,-7670,6811,50,346,124,39,283497
ABpraap:54,ABpraap,54,10128,-14872,-7207,-7207,10128,48.4,344,126,40,388944
ABpraap:55,ABpraap,55,9709,-15291,-6387,-6387,9709,49.2,341,126,38,385492
ABpraap:56,ABpraap,56,8233,-16767,-7920,-7920,8233,51,336,122,37,391041
ABpraap:57,ABpraap,57,7365,-17635,-10600,-10622,7365,51.1,332,124,40,545822
ABpraap:58,ABpraap,58,8280,-16720,-10736,-10801,8280,50.2,329,124,41,612528
ABpraap:59,ABpraap,59,9444,-15556,-10260,-10253,9444,48.9,330,118,42,740570
ABpraap:60,ABpraap,60,10926,-14074,-12482,-12483,10926,48.3,325,126,45,817884
ABprap:33,ABprap,33,8411,-16589,-1954,-1954,8411,38.2,415,139,23,53533
ABprap:34,ABprap,34,10648,-14352,1475,1475,10648,40.3,430,130,27,71405
ABprap:35,ABprap,35,6914,-18086,-4989,-4989,6914,42,442,132,39,104752
ABprap:36,ABprap,36,7224,-17776,-4474,-4474,7224,41.2,454,134,40,158799
ABprap:37,ABprap,37,9879,-15121,-11583,-11583,9879,40.7,466,133,41,223017
ABprap:38,ABprap,38,10593,-14407,-11505,-11505,10593,41.3,468,129,45,317599
ABprap:39,ABprap,39,10887,-14113,-10030,-10030,10887,43.1,462,130,44,322241
ABprap:40,ABprap,40,12168,-12832,-8855,-8855,12168,43.5,455,122,47,378249
ABprap:41,ABprap,41,10002,-14998,-10519,-10519,10002,43,451,123,46,406173
ABprap:42,ABprap,42,8915,-16085,-10599,-10599,8915,43.2,440,123,48,455203
ABprap:43,ABprap,43,12064,-12936,-5748,-5748,12064,43.9,447,122,46,465131
ABprap:44,ABprap,44,11066,-13934,-7050,-7050,11066,43.7,439,117,46,521845
ABprap:45,ABprap,45,10341,-14659,-10782,-10782,10341,43,438,118,49,643703
ABprap:46,ABprap,46,9783,-15217,-8477,-8477,9783,43.9,440,114,48,673540
ABprap:47,ABprap,47,10648,-14352,-10791,-10791,10648,43,435,114,50,820288
ABprap:48,ABprap,48,13181,-11819,-9107,-9107,13181,42.6,432,126,51,859981
ABprap:49,ABprap,49,10905,-14095,-7767,-7767,10905,41.6,437,130,50,869104
ABprap:50,ABprap,50,11827,-13173,-2713,-2713,11827,41,440,132,46,468611
ABprap:51,ABprap,51,12390,-12610,693,693,12390,39,440,126,34,484687
ABprapa:52,ABprapa,52,11480,-13520,-938,-938,11480,36.3,422,111,27,183394
ABprapa:53,ABprapa,53,13101,-11899,-11120,-11120,13101,38,400,104,39,347958
ABprapa:54,ABprapa,54,14011,-10989,-11613,-11613,14011,37.5,389,101,40,455963
ABprapa:55,ABprapa,55,13102,-11898,-10643,-10643,13102,35.5,378,99,40,549414
ABprapa:56,ABprapa,56,15050,-9950,-10681,-10681,15050,36.4,368,95,41,559334
ABprapa:57,ABprapa,57,15001,-9999,-10336,-10336,15001,37,363,99,40,639696
ABprapa:58,ABprapa,58,14890,-10110,-12291,-12291,14890,37,365,101,41,678619
ABprapa:59,ABprapa,59,16260,-8740,-11773,-11772,16260,36.7,371,104,42,744023
ABprapa:60,ABprapa,60,16378,-8622,-13365,-13160,16378,37.9,369,101,43,869568
ABprapp:52,ABprapp,52,10579,-14421,-1906,-1906,10579,41.1,471,138,25,166673
ABprapp:53,ABprapp,53,10014,-14986,-9267,-9267,10014,42.4,461,126,35,296859
ABprapp:54,ABprapp,54,12415,-12585,-8919,-8919,12415,41,456,128,36,398318
ABprapp:55,ABprapp,55,13168,-11832,-9643,-9643,13168,43,456,130,36,421052
ABprapp:56,ABprapp,56,12122,-12878,-15109,-15109,12122,46.2,455,135,41,595208
ABprapp:57,ABprapp,57,15102,-9898,-14216,-14223,15102,45,456,134,38,570232
ABprapp:58,ABprapp,58,13729,-11271,-15284,-15309,13729,42.6,448,127,43,790488
ABprapp:59,ABprapp,59,12161,-12839,-17081,-17081,12161,41.9,450,124,42,846778
ABprapp:60,ABprapp,60,15481,-9519,-13637,-13637,15481,40.2,458,121,43,871859
ABprp:19,ABprp,19,15529,-9471,1879,2005,15529,39.3,416,193,38,141905
ABprp:20,ABprp,20,12811,-12189,1481,1481,12811,42.6,427,210,35,114872
ABprp:21,ABprp,21,13453,-11547,-681,-681,13453,42,436,216,42,175281
ABprp:22,ABprp,22,11905,-13095,-7496,-7496,11905,44,430,212,43,182320
ABprp:23,ABprp,23,12902,-12098,-5014,-5014,12902,43,430,216,45,243924
ABprp:24,ABprp,24,12639,-12361,-2779,-2779,12639,45,442,220,46,311920
ABprp:25,ABprp,25,14795,-10205,-5332,-5332,14795,45.8,468,222,47,288004
ABprp:26,ABprp,26,16676,-8324,-4905,-4905,16676,45,470,232,47,311700
ABprp:27,ABprp,27,19893,-5107,-4102,-4102,19893,45.4,481,226,48,343773
ABprp:28,ABprp,28,20366,-4634,-3897,-3897,20366,45.3,487,216,49,354470
ABprp:29,ABprp,29,21705,-3295,-3941,-3941,21705,45.6,489,230,50,401578
ABprp:30,ABprp,30,16474,-8526,-3567,-3567,16474,45,474,232,46,327862
ABprp:31,ABprp,31,14311,-10689,-2060,-2060,14311,45.1,472,229,49,417070
ABprp:32,ABprp,32,14850,-10150,-142,-142,14850,43.2,462,219,36,154063
ABprp:33,ABprp,33,12484,-12516,1316,1316,12484,48.1,458,236,23,88761
ABprpa:34,ABprpa,34,7019,-17981,-149,-149,7019,52.3,435,232,23,60783
ABprpa:35,ABprpa,35,6375,-18625,-2514,-2514,6375,52.1,426,233,33,62490
ABprpa:36,ABprpa,36,7271,-17729,-4466,-4466,7271,54,432,228,38,87529
ABprpa:37,ABprpa,37,7582,-17418,-5384,-5384,7582,53.1,420,230,43,140093
ABprpa:38,ABprpa,38,6773,-18227,-6583,-6583,6773,52.8,411,228,43,144559
ABprpa:39,ABprpa,39,5624,-19376,-7031,-7031,5624,54,408,236,42,162300
ABprpa:40,ABprpa,40,7244,-17756,-8934,-8934,7244,53.2,408,233,45,188237
ABprpa:41,ABprpa,41,8741,-16259,-8993,-8993,8741,53.2,409,236,46,239632
ABprpa:42,ABprpa,42,6830,-18170,-9291,-9291,6830,53,414,222,44,220107
ABprpa:43,ABprpa,43,7199,-17801,-8688,-8688,7199,54,422,223,46,258185
ABprpa:44,ABprpa,44,7756,-17244,-8829,-8829,7756,54.2,418,216,48,301929
ABprpa:45,ABprpa,45,6042,-18958,-8694,-8694,6042,54.8,421,220,47,311469
ABprpa:46,ABprpa,46,7661,-17339,-9048,-9048,7661,53.7,419,214,48,372022
ABprpa:47,ABprpa,47,7890,-17110,-10460,-10460,7890,52,426,218,46,389299
ABprpa:48,ABprpa,48,8676,-16324,-10167,-10167,8676,51,418,212,47,450880
ABprpa:49,ABprpa,49,7099,-17901,-10952,-10952,7099,52.3,419,206,48,528103
ABprpa:50,ABprpa,50,8569,-16431,-10663,-10663,8569,52.4,419,199,50,591151
ABprpa:51,ABprpa,51,9714,-15286,-7786,-7786,9714,52,416,198,46,502580
ABprpa:52,ABprpa,52,12006,-12994,-1914,-1914,12006,50.1,409,183,33,292933
ABprpaa:53,ABprpaa,53,7485,-17515,-1873,-1873,7485,52.2,404,167,27,157606
ABprpaa:54,ABprpaa,54,8314,-16686,-2742,-2742,8314,52.2,404,161,30,194274
ABprpaa:55,ABprpaa,55,8375,-16625,-8574,-8574,8375,53,402,158,36,278060
ABprpaa:56,ABprpaa,56,7580,-17420,-7552,-7552,7580,54,390,152,37,298251
ABprpaa:57,ABprpaa,57,8614,-16386,-7602,-7586,8614,54,384,150,38,345613
ABprpaa:58,ABprpaa,58,8154,-16846,-8109,-7837,8154,54,378,142,39,370010
ABprpaa:59,ABprpaa,59,9509,-15491,-10851,-10823,9509,53,378,142,40,468803
ABprpaa:60,ABprpaa,60,9133,-15867,-12079,-12105,9133,53,380,144,41,478334
ABprpap:53,ABprpap,53,7990,-17010,-1349,-1349,7990,51.1,436,198,25,138266
ABprpap:54,ABprpap,54,9613,-15387,-1100,-1100,9613,51.3,448,196,30,166001
ABprpap:55,ABprpap,55,9764,-15236,-8505,-8505,9764,53,452,196,36,245472
ABprpap:56,ABprpap,56,11007,-13993,-6904,-6904,11007,53,454,194,37,287372
ABprpap:57,ABprpap,57,11110,-13890,-8896,-8896,11110,53,466,196,38,350051
ABprpap:58,ABprpap,58,9986,-15014,-6677,-6677,9986,55,472,178,39,371027
ABprpap:59,ABprpap,59,10484,-14516,-7662,-7662,10484,54,466,174,40,466230
ABprpap:60,ABprpap,60,12149,-12851,-7000,-7000,12149,54.1,462,168,43,546485
ABprpp:34,ABprpp,34,12014,-12986,1049,1049,12014,49,490,224,23,63587
ABprpp:35,ABprpp,35,10709,-14291,-2910,-2910,10709,50.1,494,230,29,62123
ABprpp:36,ABprpp,36,8685,-16315,-5767,-5767,8685,51,506,236,38,115693
ABprpp:37,ABprpp,37,11023,-13977,-6681,-6681,11023,49,510,234,41,165640
ABprpp:38,ABprpp,38,10650,-14350,-5242,-5242,10650,50,524,232,41,183622
ABprpp:39,ABprpp,39,12801,-12199,-5673,-5673,12801,49,536,222,42,241448
ABprpp:40,ABprpp,40,11440,-13560,-4657,-4657,11440,51,532,218,43,239589
ABprpp:41,ABprpp,41,13921,-11079,-3913,-3913,13921,51,532,228,44,261926
ABprpp:42,ABprpp,42,12143,-12857,-6213,-6213,12143,50,534,214,44,289036
ABprpp:43,ABprpp,43,13018,-11982,-5432,-5432,13018,50,536,216,44,305763
ABprpp:44,ABprpp,44,11705,-13295,-5779,-5779,11705,50,540,216,44,349696
ABprpp:45,ABprpp,45,12030,-12970,-6680,-6680,12030,50,540,214,45,354216
ABprpp:46,ABprpp,46,12384,-12616,-6128,-6128,12384,50,536,210,46,447859
ABprpp:47,ABprpp,47,11458,-13542,-6738,-6738,11458,50,534,210,46,481348
ABprpp:48,ABprpp,48,11698,-13302,-6119,-6119,11698,50,534,204,47,518986
ABprpp:49,ABprpp,49,10978,-14022,-4255,-4255,10978,50,530,200,46,557961
ABprpp:50,ABprpp,50,9339,-15661,-6264,-6264,9339,50,526,198,46,563653
ABprpp:51,ABprpp,51,8971,-16029,-7901,-7901,8971,48.9,526,198,48,687086
ABprpp:52,ABprpp,52,10705,-14295,-3753,-3753,10705,47,530,196,43,416372
ABprpp:53,ABprpp,53,10521,-14479,-1925,-1925,10521,47,532,192,39,538937
ABprppa:54,ABprppa,54,11942,-13058,-845,-845,11942,45.1,516,163,28,219379
ABprppa:55,ABprppa,55,10022,-14978,-10594,-10594,10022,44,520,156,36,364334
ABprppa:56,ABprppa,56,10369,-14631,-11088,-11088,10369,44,518,152,37,367951
ABprppa:57,ABprppa,57,10999,-14001,-10518,-10473,10999,44,514,144,38,467112
ABprppa:58,ABprppa,58,14545,-10455,-6769,-6699,14545,42,510,138,39,506487
ABprppa:59,ABprppa,59,14511,-10489,-8161,-8161,14511,42,514,142,40,625781
ABprppa:60,ABprppa,60,14114,-10886,-9666,-9666,14114,43,520,146,41,664080
ABprppp:54,ABprppp,54,10014,-14986,-1608,-1608,10014,48,540,213,30,219596
ABprppp:55,ABprppp,55,11983,-13017,-7932,-7932,11983,47,546,212,36,306012
ABprppp:56,ABprppp,56,12126,-12874,-10707,-10707,12126,47,548,216,37,343353
ABprppp:57,ABprppp,57,14792,-10208,-10119,-10119,14792,47,542,218,38,400831
ABprppp:58,ABprppp,58,14890,-10110,-10081,-10081,14890,48,544,226,39,430130
ABprppp:59,ABprppp,59,14373,-10627,-7867,-7867,14373,50,546,216,40,503012
ABprppp:60,ABprppp,60,12546,-12454,-9421,-9421,12546,51,546,216,41,526651
EMS:1,EMS,1,15767,-9233,-2493,-2493,15767,32.1,414,343,62,689402
EMS:2,EMS,2,16638,-8362,490,490,16638,32.7,403,356,65,924582
EMS:3,EMS,3,17138,-7862,3195,3195,17138,32,396,372,66,1130653
EMS:4,EMS,4,17197,-7803,-876,-876,17197,33,380,388,67,1206739
EMS:5,EMS,5,16415,-8585,-4388,-4388,16415,32,356,396,68,1388157
EMS:6,EMS,6,16835,-8165,-3340,-3340,16835,33.8,343,392,68,1453362
EMS:7,EMS,7,16323,-8677,-1095,-1095,16323,34.9,357,383,65,1206690
EMS:8,EMS,8,20173,-4827,1584,1584,20173,32.8,360,381,66,1032689
EMS:9,EMS,9,20630,-4370,2761,2761,20630,33.2,362,356,34,109699
EMS:10,EMS,10,16716,-8284,1650,1650,16716,32.1,371,363,58,233197
MS:11,MS,11,13871,-11129,-515,-515,13871,36.2,342,364,32,91962
MS:12,MS,12,15164,-9836,-8713,-8713,15164,38.2,342,364,42,170728
MS:13,MS,13,13316,-11684,-12577,-12577,13316,40,316,380,51,339086
MS:14,MS,14,12008,-12992,-1997,-1997,12008,43,316,390,49,391135
MS:15,MS,15,13154,-11846,-760,-760,13154,43.3,312,382,52,498360
MS:16,MS,16,12648,-12352,-1726,-1726,12648,43.8,310,380,53,530041
MS:17,MS,17,13271,-11729,-2789,-2789,13271,43.6,317,369,55,564852
MS:18,MS,18,16722,-8278,-3092,-3092,16722,44.5,314,348,58,673226
MS:19,MS,19,17531,-7469,-2759,-2759,17531,45.3,304,336,58,668709
MS:20,MS,20,17590,-7410,-2705,-2705,17590,43.4,327,332,53,539597
MS:21,MS,21,17036,-7964,-943,-943,17036,41.3,327,330,46,412686
MS:22,MS,22,19303,-5697,1739,1739,19303,40.7,328,336,47,410119
MS:23,MS,23,17969,-7031,1309,1309,17969,41.9,332,339,43,167760
MS:24,MS,24,18268,-6732,1370,1370,18268,39.1,314,338,36,232709
MSa:25,MSa,25,16594,-8406,1840,1840,16594,39.1,288,348,33,97634
MSa:26,MSa,26,14643,-10357,-710,-710,14643,39.8,276,350,41,137576
MSa:27,MSa,27,14469,-10531,-5330,-5330,14469,39,278,350,44,209747
MSa:28,MSa,28,13170,-11830,-2310,-2310,13170,40,267,352,47,314871
MSa:29,MSa,29,14159,-10841,-6192,-6192,14159,41,250,350,46,350359
MSa:30,MSa,30,12774,-12226,-8810,-8810,12774,43,256,346,46,350798
MSa:31,MSa,31,14573,-10427,-8334,-8334,14573,43.1,270,344,49,476967
MSa:32,MSa,32,14042,-10958,-7979,-7979,14042,44.3,278,346,50,542375
MSa:33,MSa,33,9696,-15304,-7114,-7114,9696,50.3,278,342,47,287662
MSa:34,MSa,34,11199,-13801,-3483,-3483,11199,50.1,252,344,47,362329
MSa:35,MSa,35,9398,-15602,-4822,-4822,9398,49,240,329,43,283343
MSa:36,MSa,36,8630,-16370,-2145,-2145,8630,48.9,240,325,42,286817
MSa:37,MSa,37,10045,-14955,-1342,-1342,10045,48,237,328,43,333511
MSa:38,MSa,38,9591,-15409,-2235,-2235,9591,48,242,338,45,390481
MSa:39,MSa,39,11386,-13614,-2877,-2877,11386,46.1,234,340,46,489891
MSa:40,MSa,40,9515,-15485,-1492,-1492,9515,46,236,342,43,200782
MSa:41,MSa,41,11660,-13340,-912,-912,11660,44.3,221,350,38,310066
MSaa:42,MSaa,42,6312,-18688,-191,-191,6312,50.4,211,342,32,136417
MSaa:43,MSaa,43,9649,-15351,-4350,-4350,9649,51.1,211,350,38,208656
MSaa:44,MSaa,44,10923,-14077,-5085,-5085,10923,52,208,354,44,362271
MSaa:45,MSaa,45,7199,-17801,-5712,-5712,7199,54,204,354,45,390961
MSaa:46,MSaa,46,7544,-17456,-5620,-5620,7544,54,200,340,46,463852
MSaa:47,MSaa,47,6450,-18550,-6657,-6657,6450,54,210,328,46,511211
MSaa:48,MSaa,48,8082,-16918,-5969,-5969,8082,54.1,212,330,49,610740
MSaa:49,MSaa,49,7001,-17999,-7444,-7444,7001,54,224,326,46,573780
MSaa:50,MSaa,50,7426,-17574,-8571,-8571,7426,54,224,322,46,649797
MSaa:51,MSaa,51,8546,-16454,-8740,-8740,8546,53,220,312,46,690735
MSaa:52,MSaa,52,8852,-16148,-7362,-7362,8852,52,218,308,47,743692
MSaa:53,MSaa,53,7585,-17415,-2345,-2345,7585,52.3,222,321,43,598626
MSaa:54,MSaa,54,8190,-16810,-2572,-2572,8190,51.2,224,332,40,598079
MSaa:55,MSaa,55,7977,-17023,-3301,-3301,7977,51.2,230,334,40,607645
MSaa:56,MSaa,56,7418,-17582,-3011,-3011,7418,52.4,231,342,41,651414
MSaa:57,MSaa,57,8714,-16286,-2194,-2194,8714,51.2,238,338,42,773895
MSaa:58,MSaa,58,10692,-14308,-3268,-3268,10692,49.3,238,338,43,808349
MSaa:59,MSaa,59,10700,-14300,-1041,-1041,10700,50.1,240,334,44,858725
MSaa:60,MSaa,60,9048,-15952,-1123,-1123,9048,49.1,231,330,23,184626
MSap:42,MSap,42,9939,-15061,-1017,-1017,9939,41.3,248,373,32,147767
MSap:43,MSap,43,10572,-14428,-5845,-5845,10572,42.3,252,389,40,260686
MSap:44,MSap,44,14566,-10434,-8776,-8776,14566,41,264,396,44,353472
MSap:45,MSap,45,17776,-7224,-12876,-12876,17776,47,272,408,45,509518
MSap:46,MSap,46,16235,-8765,-9226,-9226,16235,41,272,416,46,617431
MSap:47,MSap,47,13754,-11246,-14400,-14400,13754,44,284,410,46,618827
MSap:48,MSap,48,16828,-8172,-13883,-13883,16828,42,286,410,47,699014
MSap:49,MSap,49,14777,-10223,-13690,-13690,14777,43,294,412,46,735254
MSap:50,MSap,50,13046,-11954,-10647,-10647,13046,45,290,414,46,795159
MSap:51,MSap,51,12102,-12898,-13109,-13109,12102,46,290,410,46,817972
MSap:52,MSap,52,11934,-13066,-10330,-10330,11934,47.3,285,412,47,837353
MSap:53,MSap,53,13872,-11128,-9107,-9107,13872,49.2,306,407,43,657039
MSap:54,MSap,54,13285,-11715,-9778,-9778,13285,48.4,310,403,40,594793
MSap:55,MSap,55,13881,-11119,-7944,-7944,13881,49.4,315,396,40,631246
MSap:56,MSap,56,13405,-11595,-6567,-6567,13405,50.4,324,400,41,647993
MSap:57,MSap,57,11901,-13099,-6978,-6978,11901,51.3,324,399,42,811979
MSap:58,MSap,58,13155,-11845,-7351,-7351,13155,50.4,326,393,43,860450
MSap:59,MSap,59,11385,-13615,-8319,-8319,11385,50.2,326,391,44,981081
MSap:60,MSap,60,14117,-10883,-8873,-8873,14117,48.5,322,387,45,1015177
MSp:25,MSp,25,16739,-8261,868,868,16739,39.2,346,328,33,95100
MSp:26,MSp,26,15072,-9928,-1755,-1755,15072,41.4,339,314,39,103401
MSp:27,MSp,27,14518,-10482,-4133,-4133,14518,42,346,310,44,197213
MSp:28,MSp,28,12054,-12946,-3410,-3410,12054,42.4,359,299,47,254603
MSp:29,MSp,29,15067,-9933,-6803,-6803,15067,42,374,294,46,321184
MSp:30,MSp,30,13131,-11869,-11157,-11157,13131,43.7,377,297,48,364370
MSp:31,MSp,31,14272,-10728,-8419,-8419,14272,42.6,371,294,49,440365
MSp:32,MSp,32,13365,-11635,-11004,-11004,13365,43.4,374,285,50,511246
MSp:33,MSp,33,8398,-16602,-7146,-7146,8398,50.2,372,280,47,282265
MSp:34,MSp,34,9020,-15980,-4632,-4632,9020,49.4,353,296,47,317833
MSp:35,MSp,35,8398,-16602,-3947,-3947,8398,50.2,338,298,43,242090
MSp:36,MSp,36,7749,-17251,-3334,-3334,7749,49.4,342,283,42,244423
MSp:37,MSp,37,9534,-15466,-2184,-2184,9534,49,333,296,43,300328
MSp:38,MSp,38,10948,-14052,-3340,-3340,10948,48.3,338,300,45,353281
MSp:39,MSp,39,11389,-13611,70,70,11389,49.1,330,300,46,388935
MSp:40,MSp,40,10788,-14212,-314,-314,10788,48,326,312,23,85415
MSpa:41,MSpa,41,10634,-14366,1621,1621,10634,49.1,305,306,20,45895
MSpa:42,MSpa,42,8094,-16906,692,692,8094,49.1,307,299,26,84375
MSpa:43,MSpa,43,8137,-16863,-5789,-5795,8137,49.1,300,297,42,264994
MSpa:44,MSpa,44,7289,-17711,-6520,-6520,7289,50,288,294,44,359591
MSpa:45,MSpa,45,5686,-19314,-10681,-10681,5686,51,282,288,45,397759
MSpa:46,MSpa,46,5828,-19172,-11524,-11524,5828,51,282,280,46,454889
MSpa:47,MSpa,47,5948,-19052,-10689,-10689,5948,51,286,280,46,526072
MSpa:48,MSpa,48,8143,-16857,-12011,-12011,8143,50,288,288,47,618347
MSpa:49,MSpa,49,7459,-17541,-14725,-14725,7459,50,294,290,46,636291
MSpa:50,MSpa,50,7094,-17906,-13014,-13014,7094,51,292,288,46,674172
MSpa:51,MSpa,51,8782,-16218,-13414,-13414,8782,52,292,294,46,732768
MSpa:52,MSpa,52,10108,-14892,-14652,-14652,10108,51.2,294,286,47,795211
MSpa:53,MSpa,53,10766,-14234,-13376,-13376,10766,50.2,294,286,43,639762
MSpa:54,MSpa,54,10089,-14911,-9663,-9663,10089,51.3,294,286,40,617382
MSpa:55,MSpa,55,10475,-14525,-5465,-5465,10475,51.5,302,286,40,643856
MSpa:56,MSpa,56,13075,-11925,-1467,-1467,13075,51.3,316,282,41,665949
MSpa:57,MSpa,57,12551,-12449,-1729,-1729,12551,51.4,318,278,42,808257
MSpa:58,MSpa,58,12368,-12632,-1929,-1929,12368,51.2,324,280,43,825093
MSpa:59,MSpa,59,11252,-13748,-1756,-1756,11252,51.2,317,270,44,835585
MSpa:60,MSpa,60,9900,-15100,-164,-164,9900,50.1,296,270,27,315992
MSpp:41,MSpp,41,8120,-16880,-1007,-1007,8120,49.2,350,305,20,45551
MSpp:42,MSpp,42,6883,-18117,468,468,6883,52.3,365,288,28,95788
MSpp:43,MSpp,43,7031,-17969,-6704,-6699,7031,54.6,358,290,40,197612
MSpp:44,MSpp,44,8937,-16063,-8963,-8963,8937,56,356,294,44,305254
MSpp:45,MSpp,45,7509,-17491,-6727,-6727,7509,55,370,292,45,367491
MSpp:46,MSpp,46,7351,-17649,-6434,-6434,7351,56,376,288,46,431716
MSpp:47,MSpp,47,11194,-13806,-6729,-6729,11194,55,384,282,46,505835
MSpp:48,MSpp,48,11580,-13420,-7421,-7421,11580,55,382,280,47,568709
MSpp:49,MSpp,49,12725,-12275,-5052,-5052,12725,55,384,280,46,607022
MSpp:50,MSpp,50,12747,-12253,-5106,-5106,12747,55,384,274,46,635209
MSpp:51,MSpp,51,14046,-10954,-4484,-4484,14046,55,384,272,46,660905
MSpp:52,MSpp,52,15470,-9530,-5180,-5180,15470,55.1,382,263,47,693960
MSpp:53,MSpp,53,13603,-11397,-7643,-7643,13603,55.1,386,251,43,592490
MSpp:54,MSpp,54,15772,-9228,-8037,-8037,15772,54.2,398,248,40,587411
MSpp:55,MSpp,55,11360,-13640,-8150,-8150,11360,54.1,394,242,40,643422
MSpp:56,MSpp,56,11595,-13405,-9550,-9550,11595,54.6,390,246,41,675575
MSpp:57,MSpp,57,13408,-11592,-8182,-8182,13408,54.4,393,249,42,794058
MSpp:58,MSpp,58,15506,-9494,-9823,-9823,15506,54.2,393,259,43,872504
MSpp:59,MSpp,59,11485,-13515,-12250,-12250,11485,54.2,400,262,44,981532
MSpp:60,MSpp,60,11621,-13379,-10108,-10108,11621,53.5,397,256,45,1016616
E:11,E,11,14657,-10343,1351,1351,14657,31.1,409,364,32,96529
E:12,E,12,15010,-9990,2957,2957,15010,30.4,423,360,40,146754
E:13,E,13,14578,-10422,-360,-360,14578,30,414,360,51,280000
E:14,E,14,14005,-10995,-1331,-1331,14005,31,434,342,49,322181
E:15,E,15,15449,-9551,-5560,-5560,15449,28.1,460,348,52,459002
E:16,E,16,16817,-8183,-7883,-7841,16817,31.7,473,360,53,564825
E:17,E,17,16187,-8813,-7727,-7727,16187,31.6,461,362,55,641626
E:18,E,18,16498,-8502,-6616,-6616,16498,34.8,457,350,56,711607
E:19,E,19,14800,-10200,-6023,-6023,14800,36.9,454,346,56,706802
E:20,E,20,16976,-8024,-5017,-5017,16976,33.7,492,355,53,698626
E:21,E,21,15807,-9193,1345,1345,15807,35,485,355,46,513965
E:22,E,22,17409,-7591,2837,2837,17409,35.7,477,342,47,479888
E:23,E,23,19820,-5180,3542,3542,19820,35.3,487,339,49,475111
E:24,E,24,16538,-8462,335,335,16538,34,472,342,34,193374
Ea:25,Ea,25,13770,-11230,89,65,13770,33.1,454,353,33,104053
Ea:26,Ea,26,12779,-12221,-318,-318,12779,34.3,444,366,35,107793
Ea:27,Ea,27,15312,-9688,-379,-379,15312,34,442,372,44,201791
Ea:28,Ea,28,14402,-10598,-1103,-1103,14402,35,440,376,45,251078
Ea:29,Ea,29,13348,-11652,-3231,-3231,13348,36,414,382,46,372857
Ea:30,Ea,30,11309,-13691,-3036,-3036,11309,38,412,388,46,420174
Ea:31,Ea,31,14099,-10901,-3393,-3393,14099,36.5,420,392,49,593420
Ea:32,Ea,32,11906,-13094,-4904,-4904,11906,38,426,385,48,601045
Ea:33,Ea,33,10882,-14118,-1137,-1137,10882,44.2,420,376,47,369688
Ea:34,Ea,34,8298,-16702,-3011,-3011,8298,46,405,376,47,364862
Ea:35,Ea,35,7239,-17761,-1076,-1076,7239,47,394,372,43,284613
Ea:36,Ea,36,8662,-16338,-3082,-3082,8662,43.2,396,362,42,304584
Ea:37,Ea,37,9445,-15555,-3944,-3944,9445,43,402,367,43,330075
Ea:38,Ea,38,11723,-13277,-5595,-5595,11723,41.4,409,367,45,369957
Ea:39,Ea,39,9403,-15597,-7192,-7192,9403,42.2,408,364,46,446604
Ea:40,Ea,40,10976,-14024,-11720,-11718,10976,47,413,351,47,455998
Ea:41,Ea,41,11849,-13151,-11170,-11170,11849,40.1,412,348,48,534963
Ea:42,Ea,42,8980,-16020,-6961,-6961,8980,41.3,410,358,48,571429
Ea:43,Ea,43,9711,-15289,-4313,-4313,9711,41.3,395,344,48,615308
Ea:44,Ea,44,11794,-13206,-2300,-2300,11794,41.1,382,338,48,628880
Ea:45,Ea,45,11368,-13632,-6915,-6913,11368,39.2,386,342,49,673761
Ea:46,Ea,46,13180,-11820,-6201,-6201,13180,38.5,361,353,50,736326
Ea:47,Ea,47,11821,-13179,-4660,-4660,11821,40.1,358,352,50,794634
Ea:48,Ea,48,11608,-13392,-5118,-5118,11608,40,360,348,51,836333
Ea:49,Ea,49,11708,-13292,-2550,-2550,11708,39.2,364,338,50,811013
Ea:50,Ea,50,11529,-13471,-3452,-3452,11529,40.4,366,328,50,868364
Ea:51,Ea,51,12164,-12836,-3805,-3805,12164,41.4,361,324,50,896347
Ea:52,Ea,52,12765,-12235,-3831,-3831,12765,42,358,324,47,751220
Ea:53,Ea,53,15166,-9834,1104,1104,15166,42.2,356,317,43,363905
Ea:54,Ea,54,15500,-9500,-5357,-5357,15500,36.3,356,327,40,290023
Eal:55,Eal,55,14554,-10446,-1436,-1556,14554,37,370,346,36,173756
Eal:56,Eal,56,12547,-12453,-6416,-6416,12547,37,372,358,37,200832
Eal:57,Eal,57,14762,-10238,-8755,-8755,14762,36.4,378,359,42,427747
Eal:58,Eal,58,17269,-7731,-10453,-10328,17269,35.4,378,364,43,498931
Eal:59,Eal,59,18067,-6933,-14365,-14546,18067,35.2,381,374,44,669589
Eal:60,Eal,60,20047,-4953,-16209,-16691,20047,37.5,378,376,45,726057
Ear:55,Ear,55,14356,-10644,-5888,-5809,14356,35,348,306,36,134824
Ear:56,Ear,56,15398,-9602,-5999,-5258,15398,34,345,295,35,155066
Ear:57,Ear,57,17411,-7589,-5774,-5579,17411,34,348,298,38,284767
Ear:58,Ear,58,14384,-10616,-8296,-8270,14384,33,340,300,39,351009
Ear:59,Ear,59,15828,-9172,-8066,-7900,15828,32,340,300,40,366973
Ear:60,Ear,60,16479,-8521,-9777,-9742,16479,31.8,337,295,43,469105
Ep:25,Ep,25,14590,-10410,-429,-444,14590,30.3,497,339,33,106998
Ep:26,Ep,26,13428,-11572,1282,1282,13428,32.1,502,332,35,103625
Ep:27,Ep,27,14087,-10913,-4448,-4448,14087,29.6,512,330,42,193380
Ep:28,Ep,28,14127,-10873,-9424,-9424,14127,28,512,324,45,268398
Ep:29,Ep,29,13386,-11614,-9772,-9772,13386,27,506,328,46,335191
Ep:30,Ep,30,14189,-10811,-9359,-9359,14189,26,506,338,46,419806
Ep:31,Ep,31,13304,-11696,-12428,-12428,13304,25,500,342,49,474589
Ep:32,Ep,32,13417,-11583,-9627,-9627,13417,22.8,490,355,48,517577
Ep:33,Ep,33,12131,-12869,-7674,-7674,12131,27.2,492,349,47,395512
Ep:34,Ep,34,12878,-12122,-6104,-6104,12878,29.4,482,351,47,403326
Ep:35,Ep,35,11800,-13200,-4017,-4017,11800,32.1,474,345,43,286370
Ep:36,Ep,36,12465,-12535,-5486,-5486,12465,34.2,474,340,42,339187
Ep:37,Ep,37,11611,-13389,-12703,-12703,11611,37.1,471,337,43,369801
Ep:38,Ep,38,11617,-13383,-11733,-11733,11617,36.3,477,334,45,402610
Ep:39,Ep,39,8899,-16101,-11729,-11729,8899,38.5,477,327,46,448988
Ep:40,Ep,40,8703,-16297,-12080,-12081,8703,38.3,483,328,47,487760
Ep:41,Ep,41,9949,-15051,-8086,-8078,9949,36.4,490,327,48,602964
Ep:42,Ep,42,8987,-16013,-10293,-10287,8987,37.8,485,327,48,630748
Ep:43,Ep,43,9840,-15160,-10118,-10118,9840,38.4,480,330,48,664642
Ep:44,Ep,44,10121,-14879,-10650,-10650,10121,41,474,326,48,721407
Ep:45,Ep,45,9171,-15829,-10150,-10147,9171,40.1,474,323,49,769896
Ep:46,Ep,46,8985,-16015,-7792,-7792,8985,42.1,462,316,50,846215
Ep:47,Ep,47,9159,-15841,-6479,-6479,9159,42.2,466,316,50,910485
Ep:48,Ep,48,10992,-14008,-6255,-6255,10992,40.4,464,311,51,963139
Ep:49,Ep,49,10031,-14969,-7628,-7628,10031,41.2,468,304,50,983231
Ep:50,Ep,50,10778,-14222,-4917,-4917,10778,42.3,472,298,50,1000286
Ep:51,Ep,51,10683,-14317,-3946,-3946,10683,42,476,299,50,1097818
Ep:52,Ep,52,10413,-14587,-2305,-2305,10413,42.2,474,298,47,901207
Ep:53,Ep,53,11355,-13645,-723,-723,11355,41.2,474,288,43,715843
Ep:54,Ep,54,13026,-11974,1320,1320,13026,42.1,475,282,40,646471
Ep:55,Ep,55,15419,-9581,599,599,15419,38.9,464,276,40,550897
Ep:56,Ep,56,11641,-13359,359,359,11641,43,456,274,37,271226
Ep:57,Ep,57,14433,-10567,407,407,14433,38.3,452,264,40,257087
Epl:58,Epl,58,12580,-12420,-623,-623,12580,35.3,456,294,33,178381
Epl:59,Epl,59,10958,-14042,-4862,-4862,10958,35.1,460,303,36,302455
Epl:60,Epl,60,12680,-12320,-5531,-5531,12680,37,458,310,41,550227
Epr:58,Epr,58,10914,-14086,-953,-953,10914,44,457,240,33,234629
Epr:59,Epr,59,13482,-11518,-913,-913,13482,43.9,465,229,38,434796
Epr:60,Epr,60,12114,-12886,-3678,-3678,12114,44,466,216,41,607345
P2:1,P2,1,18751,-6249,3885,3885,18751,30.5,549,276,58,709315
P2:2,P2,2,22938,-2062,-2469,-2469,22938,31,572,284,63,1237715
P2:3,P2,3,22121,-2879,-1652,-1652,22121,31,574,278,66,1457325
P2:4,P2,4,21939,-3061,-468,-468,21939,32,572,262,67,1540829
P2:5,P2,5,19312,-5688,-1002,-1002,19312,32,562,264,68,1570768
P2:6,P2,6,18081,-6919,-431,-431,18081,32,560,264,66,1431069
P2:7,P2,7,17014,-7986,1685,1685,17014,29.8,534,282,65,1128760
P2:8,P2,8,17507,-7493,-1800,-1800,17507,28,512,314,62,1065943
P2:9,P2,9,18341,-6659,-454,-454,18341,28.2,500,316,58,873296
P2:10,P2,10,19686,-5314,1474,1474,19686,28.3,503,313,58,921594
P2:11,P2,11,19941,-5059,-693,-693,19941,30,512,288,54,559538
P2:12,P2,12,17210,-7790,1879,1879,17210,29.5,516,290,48,336834
C:13,C,13,14871,-10129,1381,1407,14871,29.2,504,260,35,126588
C:14,C,14,15607,-9393,1918,1918,15607,26.4,500,244,37,105719
C:15,C,15,14735,-10265,-481,-481,14735,24.3,506,242,40,99848
C:16,C,16,12452,-12548,-3100,-3100,12452,22,508,242,49,150420
C:17,C,17,14120,-10880,-2250,-2250,14120,22,518,234,51,255426
C:18,C,18,13010,-11990,-2480,-2480,13010,19,518,234,54,357428
C:19,C,19,13540,-11460,-1989,-1989,13540,17,516,230,52,290891
C:20,C,20,14067,-10933,-1576,-1576,14067,17,478,196,49,194157
C:21,C,21,16237,-8763,-356,-356,16237,18.2,454,202,46,205558
C:22,C,22,13017,-11983,-1001,-1001,13017,17.3,452,190,47,186612
C:23,C,23,14155,-10845,-1691,-1691,14155,17.3,452,174,49,231515
C:24,C,24,14856,-10144,-122,-122,14856,21,444,188,46,247281
C:25,C,25,13953,-11047,647,647,13953,23,444,209,49,299596
C:26,C,26,12704,-12296,208,208,12704,22.7,429,208,47,212117
C:27,C,27,13984,-11016,751,751,13984,21,424,212,34,55890
Ca:28,Ca,28,13492,-11508,1316,1342,13492,20.3,409,218,29,17317
Ca:29,Ca,29,13528,-11472,2591,2591,13528,23.3,390,220,30,19755
Ca:30,Ca,30,13791,-11209,-913,-913,13791,23.1,388,226,32,22092
Ca:31,Ca,31,12624,-12376,-2583,-2583,12624,22.1,387,230,37,39061
Ca:32,Ca,32,9585,-15415,-2346,-2346,9585,21.2,383,236,42,77569
Ca:33,Ca,33,8848,-16152,-2387,-2387,8848,29,376,232,43,83467
Ca:34,Ca,34,10448,-14552,-3339,-3339,10448,31,392,242,43,94657
Ca:35,Ca,35,9245,-15755,-1902,-1902,9245,30,386,240,39,97641
Ca:36,Ca,36,8254,-16746,-1306,-1306,8254,31,394,240,38,65397
Ca:37,Ca,37,8859,-16141,-2099,-2099,8859,27.9,392,248,41,69478
Ca:38,Ca,38,8320,-16680,-2986,-2986,8320,29,390,230,41,74089
Ca:39,Ca,39,8695,-16305,-1147,-1147,8695,29,388,228,42,96684
Ca:40,Ca,40,7514,-17486,-5240,-5240,7514,31,394,232,43,113638
Ca:41,Ca,41,8878,-16122,-6494,-6494,8878,32,394,234,44,138908
Ca:42,Ca,42,8096,-16904,-5585,-5585,8096,32,392,236,44,141035
Ca:43,Ca,43,9511,-15489,-2358,-2358,9511,31,384,232,44,156672
Ca:44,Ca,44,9714,-15286,-2221,-2221,9714,32,380,226,44,136440
Ca:45,Ca,45,9213,-15787,-50,-50,9213,30,371,239,31,41120
Caa:46,Caa,46,6822,-18178,-1603,-1603,6822,27.1,356,218,14,5066
Caa:47,Caa,47,8243,-16757,-1439,-1439,8243,31.2,357,216,24,21206
Caa:48,Caa,48,11900,-13100,-28,-28,11900,31.2,365,211,33,47892
Caa:49,Caa,49,10018,-14982,-5654,-5654,10018,32.3,367,202,40,99891
Caa:50,Caa,50,9567,-15433,-12704,-12704,9567,31.2,366,193,42,135081
Caa:51,Caa,51,9873,-15127,-12789,-12789,9873,32.3,374,201,42,174355
Caa:52,Caa,52,9663,-15337,-13782,-13782,9663,32,372,210,43,212404
Caa:53,Caa,53,8851,-16149,-12481,-12481,8851,32,356,214,39,160327
Caa:54,Caa,54,9928,-15072,-9630,-9630,9928,31,351,212,38,155710
Caa:55,Caa,55,8628,-16372,-8594,-8594,8628,31,350,210,36,169244
Caa:56,Caa,56,9184,-15816,-8937,-8937,9184,29.2,344,196,41,216033
Caa:57,Caa,57,10359,-14641,-5330,-5330,10359,29,342,194,38,223293
Caa:58,Caa,58,9164,-15836,-10945,-10945,9164,30,344,197,43,295090
Caa:59,Caa,59,8841,-16159,-11165,-11165,8841,29.7,341,202,42,343957
Caa:60,Caa,60,9747,-15253,-9512,-9512,9747,29,344,205,43,363519
Cap:46,Cap,46,10724,-14276,-771,-771,10724,31.2,396,245,24,29036
Cap:47,Cap,47,10682,-14318,-3278,-3278,10682,30.2,408,258,30,45920
Cap:48,Cap,48,13302,-11698,-11102,-11102,13302,30.4,418,260,39,97522
Cap:49,Cap,49,14451,-10549,-8957,-8957,14451,29.3,428,264,38,114803
Cap:50,Cap,50,17928,-7072,-7409,-7409,17928,28.3,442,273,38,154286
Cap:51,Cap,51,21255,-3745,-3151,-3151,21255,26.4,448,279,38,169107
Cap:52,Cap,52,20472,-4528,-3468,-3468,20472,25.1,454,276,41,214375
Cap:53,Cap,53,17756,-7244,-3345,-3345,17756,24,452,264,39,175143
Cap:54,Cap,54,18190,-6810,-2979,-2979,18190,24.1,446,256,38,201400
Cap:55,Cap,55,22309,-2691,-242,-242,22309,24,448,262,36,215131
Cap:56,Cap,56,24855,-145,2691,2691,24855,24,442,258,39,238015
Cap:57,Cap,57,19445,-5555,-2402,-2402,19445,23.2,438,256,40,288108
Cap:58,Cap,58,17488,-7512,-4269,-4269,17488,23.7,445,248,41,277045
Cap:59,Cap,59,16906,-8094,-5365,-5365,16906,22.9,444,256,42,267006
Cap:60,Cap,60,15950,-9050,-5472,-5472,15950,23,446,262,41,269737
Cp:28,Cp,28,11761,-13239,84,333,11761,22.1,442,216,33,54748
Cp:29,Cp,29,11742,-13258,1100,1100,11742,23.3,454,206,32,43913
Cp:30,Cp,30,12202,-12798,1636,1636,12202,23.7,468,212,34,33646
Cp:31,Cp,31,13609,-11391,-3892,-3892,13609,23.1,473,212,39,65061
Cp:32,Cp,32,15764,-9236,-5439,-5439,15764,23.1,485,210,42,127598
Cp:33,Cp,33,10909,-14091,-8242,-8242,10909,28,498,202,43,104921
Cp:34,Cp,34,13241,-11759,-6330,-6330,13241,28.8,498,204,41,101847
Cp:35,Cp,35,11547,-13453,-5559,-5559,11547,29,496,204,39,76554
Cp:36,Cp,36,9021,-15979,-6739,-6739,9021,31,504,204,42,140368
Cp:37,Cp,37,9430,-15570,-6207,-6207,9430,28.4,502,198,43,144858
Cp:38,Cp,38,9156,-15844,-6394,-6394,9156,30,502,198,41,142656
Cp:39,Cp,39,8833,-16167,-4859,-4859,8833,30,498,189,44,222475
Cp:40,Cp,40,7755,-17245,-6233,-6233,7755,32.2,492,185,47,267594
Cp:41,Cp,41,7194,-17806,-6500,-6500,7194,31.1,499,185,48,304515
Cp:42,Cp,42,7079,-17921,-3348,-3348,7079,28.2,496,188,48,273994
Cp:43,Cp,43,8647,-16353,-696,-696,8647,29.1,488,192,48,265549
Cp:44,Cp,44,10364,-14636,299,299,10364,30.1,487,188,48,304164
Cp:45,Cp,45,11390,-13610,1495,1495,11390,27.1,498,186,23,25050
Cp:46,Cp,46,9941,-15059,938,938,9941,31,496,194,32,96652
Cpa:47,Cpa,47,9717,-15283,1711,1711,9717,25.2,466,180,24,29964
Cpa:48,Cpa,48,8108,-16892,-1936,-1936,8108,25.1,472,170,33,56915
Cpa:49,Cpa,49,11185,-13815,-3956,-3956,11185,24.1,483,178,40,124332
Cpa:50,Cpa,50,11122,-13878,-2572,-2572,11122,23.1,492,179,40,167020
Cpa:51,Cpa,51,11518,-13482,-2418,-2418,11518,23.3,486,179,42,212282
Cpa:52,Cpa,52,15191,-9809,-1651,-1651,15191,24,482,166,43,312577
Cpa:53,Cpa,53,13276,-11724,-844,-844,13276,24.1,457,154,41,303571
Cpa:54,Cpa,54,14805,-10195,-1816,-1816,14805,25.2,453,150,38,311996
Cpa:55,Cpa,55,13590,-11410,-4101,-4101,13590,26,448,148,38,309187
Cpa:56,Cpa,56,12337,-12663,-2711,-2711,12337,26.1,443,149,41,361300
Cpa:57,Cpa,57,12871,-12129,-4737,-4737,12871,26,445,145,40,433140
Cpa:58,Cpa,58,13898,-11102,-4902,-4902,13898,26.2,448,154,43,491634
Cpa:59,Cpa,59,12922,-12078,-5772,-5772,12922,26.2,448,163,44,520357
Cpa:60,Cpa,60,13782,-11218,-5277,-5277,13782,26.9,447,155,43,539754
Cpp:47,Cpp,47,9165,-15835,-1529,-1529,9165,30.2,513,218,24,43722
Cpp:48,Cpp,48,10973,-14027,-1084,-1084,10973,29.3,522,223,33,92772
Cpp:49,Cpp,49,10723,-14277,-10695,-10695,10723,31.2,533,230,42,243283
Cpp:50,Cpp,50,12106,-12894,-10373,-10373,12106,30.2,546,242,44,320956
Cpp:51,Cpp,51,17032,-7968,-9013,-9013,17032,30,566,252,46,463198
Cpp:52,Cpp,52,18917,-6083,-6100,-6100,18917,30.1,574,257,45,469331
Cpp:53,Cpp,53,14657,-10343,-8571,-8571,14657,28.2,566,249,43,411697
Cpp:54,Cpp,54,15811,-9189,-6712,-6712,15811,26,556,246,36,299930
Cpp:55,Cpp,55,17010,-7990,-5811,-5811,17010,27.6,554,235,38,384588
Cpp:56,Cpp,56,14560,-10440,-7685,-7685,14560,27.4,547,225,41,491278
Cpp:57,Cpp,57,15795,-9205,-8499,-8499,15795,27.5,551,226,40,500693
Cpp:58,Cpp,58,18508,-6492,-4518,-4518,18508,27.5,542,230,43,596860
Cpp:59,Cpp,59,17478,-7522,-4866,-4866,17478,28.8,550,240,42,554928
Cpp:60,Cpp,60,15207,-9793,-7227,-7227,15207,30.1,540,239,45,641377
P3:13,P3,13,16748,-8252,2000,1991,16748,29.4,515,307,35,120008
P3:14,P3,14,16480,-8520,-2762,-2762,16480,29.2,522,320,37,111103
P3:15,P3,15,16588,-8412,-10736,-10736,16588,31.2,537,323,42,181790
P3:16,P3,16,17539,-7461,-11500,-11511,17539,35.2,541,330,47,296585
P3:17,P3,17,16820,-8180,-7405,-7405,16820,36,542,346,51,470664
P3:18,P3,18,17669,-7331,-359,-359,17669,37.2,550,338,52,603988
P3:19,P3,19,16471,-8529,-1111,-1111,16471,38,550,326,52,642695
P3:20,P3,20,16020,-8980,-4886,-4886,16020,33,570,300,49,612974
P3:21,P3,21,16264,-8736,-4886,-4886,16264,32.6,572,298,46,563413
P3:22,P3,22,15894,-9106,-6519,-6519,15894,33.7,574,291,47,554407
P3:23,P3,23,15678,-9322,-6585,-6585,15678,33.1,579,262,49,601835
P3:24,P3,24,15227,-9773,-5827,-5827,15227,32.4,570,250,50,658125
P3:25,P3,25,15066,-9934,-4476,-4476,15066,31.2,572,260,49,607342
P3:26,P3,26,15696,-9304,-3166,-3166,15696,31.6,569,251,47,575276
P3:27,P3,27,15449,-9551,-1290,-1290,15449,30.7,566,250,48,629660
P3:28,P3,28,15825,-9175,-2354,-2354,15825,29.2,564,254,49,606967
P3:29,P3,29,14699,-10301,-1245,-1245,14699,28.8,567,264,48,571886
P3:30,P3,30,16666,-8334,749,749,16666,29.5,563,279,48,611107
P3:31,P3,31,18375,-6625,24,24,18375,30.3,561,286,49,601913
P3:32,P3,32,16723,-8277,-4149,-4149,16723,29.1,554,308,42,368134
D:33,D,33,11508,-13492,1272,1344,11508,37.1,551,284,33,112232
D:34,D,34,10235,-14765,1375,1375,10235,37.5,555,265,27,81260
D:35,D,35,10360,-14640,-298,-298,10360,38,560,268,39,98822
D:36,D,36,8629,-16371,-1052,-1052,8629,37,568,278,38,133677
D:37,D,37,9998,-15002,-5772,-5772,9998,35.3,579,276,41,172822
D:38,D,38,11505,-13495,-4871,-4871,11505,33,582,276,41,204862
D:39,D,39,10726,-14274,-5558,-5558,10726,31.9,578,268,44,283261
D:40,D,40,11235,-13765,-4764,-4764,11235,32.2,577,260,45,255703
D:41,D,41,10276,-14724,-4663,-4663,10276,33,574,260,44,260800
D:42,D,42,9085,-15915,-4996,-4996,9085,33,572,262,44,241195
D:43,D,43,9769,-15231,-5136,-5136,9769,33,568,268,44,221364
D:44,D,44,10002,-14998,-5323,-5323,10002,33,568,270,44,247028
D:45,D,45,8987,-16013,-8449,-8449,8987,33.8,568,280,47,257657
D:46,D,46,7773,-17227,-6891,-6891,7773,35,566,280,46,266584
D:47,D,47,8890,-16110,-9511,-9511,8890,34.7,572,286,48,309329
D:48,D,48,9597,-15403,-10780,-10780,9597,36,570,292,47,313700
D:49,D,49,8989,-16011,-10056,-10056,8989,37,572,298,46,287239
D:50,D,50,11407,-13593,-12416,-12416,11407,37.2,568,307,48,326967
D:51,D,51,12016,-12984,-8664,-8664,12016,39,568,320,46,326731
D:52,D,52,9941,-15059,-8762,-8762,9941,42,564,322,45,286346
D:53,D,53,10829,-14171,-7461,-7461,10829,41.9,567,317,41,237022
D:54,D,54,9683,-15317,-8372,-8372,9683,39.4,566,306,40,210511
D:55,D,55,10824,-14176,-3335,-3335,10824,39.2,560,311,40,209083
D:56,D,56,10270,-14730,-4453,-4453,10270,39.1,562,309,41,218175
D:57,D,57,11701,-13299,-2799,-2799,11701,40.2,565,307,38,65406
D:58,D,58,8928,-16072,-1572,-1572,8928,41,548,300,39,106107
Da:59,Da,59,13968,-11032,1369,1369,13968,35.1,548,325,24,42886
Da:60,Da,60,11110,-13890,-371,-371,11110,35.1,541,344,27,39983
Dp:59,Dp,59,7300,-17700,-732,-732,7300,45.2,549,286,26,42093
Dp:60,Dp,60,11009,-13991,-1800,-1800,11009,46.4,549,296,31,47744
P4:33,P4,33,15448,-9552,-1226,-1290,15448,37,546,321,25,83533
P4:34,P4,34,12097,-12903,-1539,-1539,12097,38.3,535,336,25,65916
P4:35,P4,35,11943,-13057,-4686,-4686,11943,41.9,534,342,37,128352
P4:36,P4,36,11293,-13707,-8072,-8072,11293,43,528,350,38,162069
P4:37,P4,37,12423,-12577,-16186,-16186,12423,43,528,354,39,180553
P4:38,P4,38,12664,-12336,-14715,-14715,12664,44,534,354,41,218120
P4:39,P4,39,11943,-13057,-13108,-13108,11943,44,540,352,42,259768
P4:40,P4,40,11397,-13603,-15461,-15461,11397,44,548,344,43,286450
P4:41,P4,41,13189,-11811,-14245,-14197,13189,43,550,344,44,300855
P4:42,P4,42,11926,-13074,-12170,-12170,11926,44,548,346,44,295247
P4:43,P4,43,11724,-13276,-15180,-15180,11724,43,548,346,44,307389
P4:44,P4,44,12774,-12226,-17086,-17092,12774,42,540,350,44,309417
P4:45,P4,45,14669,-10331,-14211,-14211,14669,42,542,352,45,286550
P4:46,P4,46,11074,-13926,-12360,-12360,11074,43.3,530,358,44,271156
P4:47,P4,47,12185,-12815,-13313,-13313,12185,42.9,530,357,44,294449
P4:48,P4,48,15108,-9892,-11652,-11652,15108,42.9,524,362,45,302851
P4:49,P4,49,13792,-11208,-9388,-9388,13792,46,517,362,44,254317
P4:50,P4,50,14508,-10492,-10109,-10109,14508,45.3,512,368,44,261058
P4:51,P4,51,13633,-11367,-11469,-11469,13633,45.8,500,373,44,238203
P4:52,P4,52,14016,-10984,-7784,-7784,14016,47,488,380,43,206098
P4:53,P4,53,14860,-10140,-12840,-12840,14860,46.5,490,372,43,224919
P4:54,P4,54,13861,-11139,-10982,-10982,13861,47.2,500,369,40,183017
P4:55,P4,55,13451,-11549,-10492,-10492,13451,48.2,497,361,40,183416
P4:56,P4,56,12166,-12834,-9785,-9785,12166,48.4,502,356,41,194507
P4:57,P4,57,14808,-10192,-12151,-12151,14808,47.3,494,356,42,216484
P4:58,P4,58,14700,-10300,-11779,-11779,14700,48.5,484,348,43,225147
P4:59,P4,59,15864,-9136,-9106,-9106,15864,49.4,486,343,44,214165
P4:60,P4,60,14296,-10704,-6780,-6780,14296,51,484,338,41,193758